{"label":"neutral","id":0}
{"label":"neutral","id":1}
{"label":"contradiction","id":2}
{"label":"neutral","id":3}
{"label":"contradiction","id":4}
{"label":"contradiction","id":5}
{"label":"neutral","id":6}
{"label":"neutral","id":7}
{"label":"contradiction","id":8}
{"label":"neutral","id":9}
{"label":"neutral","id":10}
{"label":"entailment","id":11}
{"label":"neutral","id":12}
{"label":"neutral","id":13}
{"label":"entailment","id":14}
{"label":"entailment","id":15}
{"label":"contradiction","id":16}
{"label":"contradiction","id":17}
{"label":"entailment","id":18}
{"label":"contradiction","id":19}
{"label":"entailment","id":20}
{"label":"contradiction","id":21}
{"label":"entailment","id":22}
{"label":"contradiction","id":23}
{"label":"neutral","id":24}
{"label":"neutral","id":25}
{"label":"contradiction","id":26}
{"label":"entailment","id":27}
{"label":"entailment","id":28}
{"label":"neutral","id":29}
{"label":"contradiction","id":30}
{"label":"neutral","id":31}
{"label":"neutral","id":32}
{"label":"entailment","id":33}
{"label":"neutral","id":34}
{"label":"entailment","id":35}
{"label":"neutral","id":36}
{"label":"contradiction","id":37}
{"label":"neutral","id":38}
{"label":"contradiction","id":39}
{"label":"neutral","id":40}
{"label":"entailment","id":41}
{"label":"entailment","id":42}
{"label":"entailment","id":43}
{"label":"neutral","id":44}
{"label":"neutral","id":45}
{"label":"contradiction","id":46}
{"label":"contradiction","id":47}
{"label":"contradiction","id":48}
{"label":"entailment","id":49}
{"label":"neutral","id":50}
{"label":"contradiction","id":51}
{"label":"contradiction","id":52}
{"label":"entailment","id":53}
{"label":"contradiction","id":54}
{"label":"neutral","id":55}
{"label":"contradiction","id":56}
{"label":"neutral","id":57}
{"label":"neutral","id":58}
{"label":"entailment","id":59}
{"label":"neutral","id":60}
{"label":"neutral","id":61}
{"label":"contradiction","id":62}
{"label":"entailment","id":63}
{"label":"contradiction","id":64}
{"label":"neutral","id":65}
{"label":"neutral","id":66}
{"label":"neutral","id":67}
{"label":"entailment","id":68}
{"label":"contradiction","id":69}
{"label":"contradiction","id":70}
{"label":"entailment","id":71}
{"label":"entailment","id":72}
{"label":"contradiction","id":73}
{"label":"entailment","id":74}
{"label":"contradiction","id":75}
{"label":"entailment","id":76}
{"label":"entailment","id":77}
{"label":"neutral","id":78}
{"label":"neutral","id":79}
{"label":"contradiction","id":80}
{"label":"contradiction","id":81}
{"label":"contradiction","id":82}
{"label":"entailment","id":83}
{"label":"contradiction","id":84}
{"label":"contradiction","id":85}
{"label":"neutral","id":86}
{"label":"neutral","id":87}
{"label":"entailment","id":88}
{"label":"neutral","id":89}
{"label":"neutral","id":90}
{"label":"neutral","id":91}
{"label":"contradiction","id":92}
{"label":"entailment","id":93}
{"label":"contradiction","id":94}
{"label":"neutral","id":95}
{"label":"neutral","id":96}
{"label":"neutral","id":97}
{"label":"contradiction","id":98}
{"label":"neutral","id":99}
{"label":"neutral","id":100}
{"label":"neutral","id":101}
{"label":"entailment","id":102}
{"label":"entailment","id":103}
{"label":"neutral","id":104}
{"label":"neutral","id":105}
{"label":"contradiction","id":106}
{"label":"neutral","id":107}
{"label":"neutral","id":108}
{"label":"entailment","id":109}
{"label":"contradiction","id":110}
{"label":"neutral","id":111}
{"label":"entailment","id":112}
{"label":"neutral","id":113}
{"label":"contradiction","id":114}
{"label":"entailment","id":115}
{"label":"neutral","id":116}
{"label":"neutral","id":117}
{"label":"neutral","id":118}
{"label":"neutral","id":119}
{"label":"entailment","id":120}
{"label":"contradiction","id":121}
{"label":"entailment","id":122}
{"label":"contradiction","id":123}
{"label":"neutral","id":124}
{"label":"neutral","id":125}
{"label":"neutral","id":126}
{"label":"entailment","id":127}
{"label":"neutral","id":128}
{"label":"neutral","id":129}
{"label":"entailment","id":130}
{"label":"contradiction","id":131}
{"label":"entailment","id":132}
{"label":"entailment","id":133}
{"label":"contradiction","id":134}
{"label":"neutral","id":135}
{"label":"neutral","id":136}
{"label":"contradiction","id":137}
{"label":"entailment","id":138}
{"label":"neutral","id":139}
{"label":"contradiction","id":140}
{"label":"neutral","id":141}
{"label":"neutral","id":142}
{"label":"contradiction","id":143}
{"label":"entailment","id":144}
{"label":"neutral","id":145}
{"label":"neutral","id":146}
{"label":"entailment","id":147}
{"label":"contradiction","id":148}
{"label":"contradiction","id":149}
{"label":"contradiction","id":150}
{"label":"entailment","id":151}
{"label":"neutral","id":152}
{"label":"neutral","id":153}
{"label":"entailment","id":154}
{"label":"entailment","id":155}
{"label":"neutral","id":156}
{"label":"neutral","id":157}
{"label":"neutral","id":158}
{"label":"contradiction","id":159}
{"label":"neutral","id":160}
{"label":"neutral","id":161}
{"label":"entailment","id":162}
{"label":"neutral","id":163}
{"label":"neutral","id":164}
{"label":"contradiction","id":165}
{"label":"neutral","id":166}
{"label":"neutral","id":167}
{"label":"entailment","id":168}
{"label":"contradiction","id":169}
{"label":"contradiction","id":170}
{"label":"neutral","id":171}
{"label":"neutral","id":172}
{"label":"contradiction","id":173}
{"label":"neutral","id":174}
{"label":"contradiction","id":175}
{"label":"contradiction","id":176}
{"label":"entailment","id":177}
{"label":"neutral","id":178}
{"label":"contradiction","id":179}
{"label":"contradiction","id":180}
{"label":"contradiction","id":181}
{"label":"entailment","id":182}
{"label":"entailment","id":183}
{"label":"contradiction","id":184}
{"label":"entailment","id":185}
{"label":"entailment","id":186}
{"label":"neutral","id":187}
{"label":"entailment","id":188}
{"label":"entailment","id":189}
{"label":"neutral","id":190}
{"label":"contradiction","id":191}
{"label":"neutral","id":192}
{"label":"contradiction","id":193}
{"label":"neutral","id":194}
{"label":"entailment","id":195}
{"label":"contradiction","id":196}
{"label":"entailment","id":197}
{"label":"neutral","id":198}
{"label":"neutral","id":199}
{"label":"contradiction","id":200}
{"label":"entailment","id":201}
{"label":"neutral","id":202}
{"label":"entailment","id":203}
{"label":"entailment","id":204}
{"label":"neutral","id":205}
{"label":"neutral","id":206}
{"label":"neutral","id":207}
{"label":"neutral","id":208}
{"label":"contradiction","id":209}
{"label":"entailment","id":210}
{"label":"entailment","id":211}
{"label":"contradiction","id":212}
{"label":"contradiction","id":213}
{"label":"neutral","id":214}
{"label":"contradiction","id":215}
{"label":"neutral","id":216}
{"label":"entailment","id":217}
{"label":"neutral","id":218}
{"label":"neutral","id":219}
{"label":"contradiction","id":220}
{"label":"entailment","id":221}
{"label":"entailment","id":222}
{"label":"neutral","id":223}
{"label":"entailment","id":224}
{"label":"neutral","id":225}
{"label":"contradiction","id":226}
{"label":"neutral","id":227}
{"label":"contradiction","id":228}
{"label":"contradiction","id":229}
{"label":"contradiction","id":230}
{"label":"neutral","id":231}
{"label":"contradiction","id":232}
{"label":"contradiction","id":233}
{"label":"neutral","id":234}
{"label":"neutral","id":235}
{"label":"neutral","id":236}
{"label":"contradiction","id":237}
{"label":"neutral","id":238}
{"label":"neutral","id":239}
{"label":"entailment","id":240}
{"label":"contradiction","id":241}
{"label":"entailment","id":242}
{"label":"neutral","id":243}
{"label":"contradiction","id":244}
{"label":"contradiction","id":245}
{"label":"contradiction","id":246}
{"label":"contradiction","id":247}
{"label":"contradiction","id":248}
{"label":"entailment","id":249}
{"label":"neutral","id":250}
{"label":"entailment","id":251}
{"label":"neutral","id":252}
{"label":"entailment","id":253}
{"label":"entailment","id":254}
{"label":"contradiction","id":255}
{"label":"neutral","id":256}
{"label":"contradiction","id":257}
{"label":"neutral","id":258}
{"label":"entailment","id":259}
{"label":"entailment","id":260}
{"label":"neutral","id":261}
{"label":"contradiction","id":262}
{"label":"neutral","id":263}
{"label":"contradiction","id":264}
{"label":"contradiction","id":265}
{"label":"entailment","id":266}
{"label":"contradiction","id":267}
{"label":"neutral","id":268}
{"label":"neutral","id":269}
{"label":"contradiction","id":270}
{"label":"contradiction","id":271}
{"label":"contradiction","id":272}
{"label":"neutral","id":273}
{"label":"entailment","id":274}
{"label":"neutral","id":275}
{"label":"entailment","id":276}
{"label":"neutral","id":277}
{"label":"contradiction","id":278}
{"label":"contradiction","id":279}
{"label":"neutral","id":280}
{"label":"entailment","id":281}
{"label":"neutral","id":282}
{"label":"entailment","id":283}
{"label":"contradiction","id":284}
{"label":"entailment","id":285}
{"label":"neutral","id":286}
{"label":"neutral","id":287}
{"label":"neutral","id":288}
{"label":"entailment","id":289}
{"label":"contradiction","id":290}
{"label":"neutral","id":291}
{"label":"contradiction","id":292}
{"label":"neutral","id":293}
{"label":"contradiction","id":294}
{"label":"entailment","id":295}
{"label":"contradiction","id":296}
{"label":"neutral","id":297}
{"label":"neutral","id":298}
{"label":"contradiction","id":299}
{"label":"entailment","id":300}
{"label":"contradiction","id":301}
{"label":"entailment","id":302}
{"label":"entailment","id":303}
{"label":"entailment","id":304}
{"label":"contradiction","id":305}
{"label":"contradiction","id":306}
{"label":"neutral","id":307}
{"label":"neutral","id":308}
{"label":"contradiction","id":309}
{"label":"entailment","id":310}
{"label":"neutral","id":311}
{"label":"contradiction","id":312}
{"label":"entailment","id":313}
{"label":"neutral","id":314}
{"label":"entailment","id":315}
{"label":"contradiction","id":316}
{"label":"entailment","id":317}
{"label":"neutral","id":318}
{"label":"contradiction","id":319}
{"label":"neutral","id":320}
{"label":"contradiction","id":321}
{"label":"entailment","id":322}
{"label":"neutral","id":323}
{"label":"entailment","id":324}
{"label":"neutral","id":325}
{"label":"neutral","id":326}
{"label":"contradiction","id":327}
{"label":"contradiction","id":328}
{"label":"neutral","id":329}
{"label":"neutral","id":330}
{"label":"neutral","id":331}
{"label":"neutral","id":332}
{"label":"entailment","id":333}
{"label":"contradiction","id":334}
{"label":"neutral","id":335}
{"label":"neutral","id":336}
{"label":"neutral","id":337}
{"label":"neutral","id":338}
{"label":"contradiction","id":339}
{"label":"entailment","id":340}
{"label":"contradiction","id":341}
{"label":"entailment","id":342}
{"label":"entailment","id":343}
{"label":"contradiction","id":344}
{"label":"entailment","id":345}
{"label":"contradiction","id":346}
{"label":"entailment","id":347}
{"label":"contradiction","id":348}
{"label":"entailment","id":349}
{"label":"neutral","id":350}
{"label":"neutral","id":351}
{"label":"contradiction","id":352}
{"label":"entailment","id":353}
{"label":"contradiction","id":354}
{"label":"neutral","id":355}
{"label":"contradiction","id":356}
{"label":"neutral","id":357}
{"label":"neutral","id":358}
{"label":"neutral","id":359}
{"label":"entailment","id":360}
{"label":"neutral","id":361}
{"label":"neutral","id":362}
{"label":"contradiction","id":363}
{"label":"neutral","id":364}
{"label":"entailment","id":365}
{"label":"entailment","id":366}
{"label":"neutral","id":367}
{"label":"neutral","id":368}
{"label":"contradiction","id":369}
{"label":"contradiction","id":370}
{"label":"neutral","id":371}
{"label":"contradiction","id":372}
{"label":"neutral","id":373}
{"label":"entailment","id":374}
{"label":"neutral","id":375}
{"label":"entailment","id":376}
{"label":"neutral","id":377}
{"label":"neutral","id":378}
{"label":"entailment","id":379}
{"label":"neutral","id":380}
{"label":"entailment","id":381}
{"label":"contradiction","id":382}
{"label":"entailment","id":383}
{"label":"contradiction","id":384}
{"label":"entailment","id":385}
{"label":"neutral","id":386}
{"label":"neutral","id":387}
{"label":"contradiction","id":388}
{"label":"entailment","id":389}
{"label":"entailment","id":390}
{"label":"entailment","id":391}
{"label":"neutral","id":392}
{"label":"neutral","id":393}
{"label":"contradiction","id":394}
{"label":"contradiction","id":395}
{"label":"neutral","id":396}
{"label":"neutral","id":397}
{"label":"neutral","id":398}
{"label":"neutral","id":399}
{"label":"contradiction","id":400}
{"label":"contradiction","id":401}
{"label":"contradiction","id":402}
{"label":"contradiction","id":403}
{"label":"contradiction","id":404}
{"label":"contradiction","id":405}
{"label":"neutral","id":406}
{"label":"neutral","id":407}
{"label":"entailment","id":408}
{"label":"neutral","id":409}
{"label":"neutral","id":410}
{"label":"neutral","id":411}
{"label":"contradiction","id":412}
{"label":"neutral","id":413}
{"label":"neutral","id":414}
{"label":"neutral","id":415}
{"label":"entailment","id":416}
{"label":"contradiction","id":417}
{"label":"contradiction","id":418}
{"label":"entailment","id":419}
{"label":"contradiction","id":420}
{"label":"contradiction","id":421}
{"label":"neutral","id":422}
{"label":"contradiction","id":423}
{"label":"contradiction","id":424}
{"label":"neutral","id":425}
{"label":"neutral","id":426}
{"label":"neutral","id":427}
{"label":"entailment","id":428}
{"label":"entailment","id":429}
{"label":"contradiction","id":430}
{"label":"contradiction","id":431}
{"label":"contradiction","id":432}
{"label":"neutral","id":433}
{"label":"contradiction","id":434}
{"label":"entailment","id":435}
{"label":"contradiction","id":436}
{"label":"neutral","id":437}
{"label":"neutral","id":438}
{"label":"neutral","id":439}
{"label":"neutral","id":440}
{"label":"contradiction","id":441}
{"label":"contradiction","id":442}
{"label":"neutral","id":443}
{"label":"neutral","id":444}
{"label":"neutral","id":445}
{"label":"neutral","id":446}
{"label":"contradiction","id":447}
{"label":"contradiction","id":448}
{"label":"contradiction","id":449}
{"label":"contradiction","id":450}
{"label":"entailment","id":451}
{"label":"contradiction","id":452}
{"label":"neutral","id":453}
{"label":"entailment","id":454}
{"label":"contradiction","id":455}
{"label":"neutral","id":456}
{"label":"contradiction","id":457}
{"label":"contradiction","id":458}
{"label":"contradiction","id":459}
{"label":"neutral","id":460}
{"label":"contradiction","id":461}
{"label":"neutral","id":462}
{"label":"entailment","id":463}
{"label":"entailment","id":464}
{"label":"neutral","id":465}
{"label":"contradiction","id":466}
{"label":"contradiction","id":467}
{"label":"entailment","id":468}
{"label":"contradiction","id":469}
{"label":"contradiction","id":470}
{"label":"entailment","id":471}
{"label":"entailment","id":472}
{"label":"neutral","id":473}
{"label":"contradiction","id":474}
{"label":"neutral","id":475}
{"label":"contradiction","id":476}
{"label":"contradiction","id":477}
{"label":"entailment","id":478}
{"label":"entailment","id":479}
{"label":"neutral","id":480}
{"label":"contradiction","id":481}
{"label":"neutral","id":482}
{"label":"contradiction","id":483}
{"label":"neutral","id":484}
{"label":"contradiction","id":485}
{"label":"neutral","id":486}
{"label":"neutral","id":487}
{"label":"neutral","id":488}
{"label":"contradiction","id":489}
{"label":"entailment","id":490}
{"label":"contradiction","id":491}
{"label":"neutral","id":492}
{"label":"entailment","id":493}
{"label":"contradiction","id":494}
{"label":"neutral","id":495}
{"label":"neutral","id":496}
{"label":"contradiction","id":497}
{"label":"contradiction","id":498}
{"label":"neutral","id":499}
{"label":"neutral","id":500}
{"label":"neutral","id":501}
{"label":"entailment","id":502}
{"label":"neutral","id":503}
{"label":"contradiction","id":504}
{"label":"contradiction","id":505}
{"label":"entailment","id":506}
{"label":"entailment","id":507}
{"label":"neutral","id":508}
{"label":"entailment","id":509}
{"label":"neutral","id":510}
{"label":"neutral","id":511}
{"label":"entailment","id":512}
{"label":"neutral","id":513}
{"label":"contradiction","id":514}
{"label":"entailment","id":515}
{"label":"neutral","id":516}
{"label":"neutral","id":517}
{"label":"neutral","id":518}
{"label":"contradiction","id":519}
{"label":"contradiction","id":520}
{"label":"neutral","id":521}
{"label":"entailment","id":522}
{"label":"entailment","id":523}
{"label":"neutral","id":524}
{"label":"contradiction","id":525}
{"label":"neutral","id":526}
{"label":"neutral","id":527}
{"label":"contradiction","id":528}
{"label":"entailment","id":529}
{"label":"entailment","id":530}
{"label":"entailment","id":531}
{"label":"contradiction","id":532}
{"label":"contradiction","id":533}
{"label":"neutral","id":534}
{"label":"neutral","id":535}
{"label":"contradiction","id":536}
{"label":"contradiction","id":537}
{"label":"neutral","id":538}
{"label":"contradiction","id":539}
{"label":"contradiction","id":540}
{"label":"entailment","id":541}
{"label":"entailment","id":542}
{"label":"neutral","id":543}
{"label":"contradiction","id":544}
{"label":"neutral","id":545}
{"label":"entailment","id":546}
{"label":"entailment","id":547}
{"label":"neutral","id":548}
{"label":"contradiction","id":549}
{"label":"neutral","id":550}
{"label":"neutral","id":551}
{"label":"neutral","id":552}
{"label":"contradiction","id":553}
{"label":"neutral","id":554}
{"label":"neutral","id":555}
{"label":"contradiction","id":556}
{"label":"entailment","id":557}
{"label":"entailment","id":558}
{"label":"entailment","id":559}
{"label":"entailment","id":560}
{"label":"contradiction","id":561}
{"label":"entailment","id":562}
{"label":"contradiction","id":563}
{"label":"contradiction","id":564}
{"label":"contradiction","id":565}
{"label":"neutral","id":566}
{"label":"contradiction","id":567}
{"label":"neutral","id":568}
{"label":"contradiction","id":569}
{"label":"neutral","id":570}
{"label":"neutral","id":571}
{"label":"neutral","id":572}
{"label":"neutral","id":573}
{"label":"entailment","id":574}
{"label":"neutral","id":575}
{"label":"neutral","id":576}
{"label":"neutral","id":577}
{"label":"neutral","id":578}
{"label":"neutral","id":579}
{"label":"neutral","id":580}
{"label":"neutral","id":581}
{"label":"entailment","id":582}
{"label":"neutral","id":583}
{"label":"neutral","id":584}
{"label":"entailment","id":585}
{"label":"neutral","id":586}
{"label":"contradiction","id":587}
{"label":"neutral","id":588}
{"label":"contradiction","id":589}
{"label":"contradiction","id":590}
{"label":"neutral","id":591}
{"label":"contradiction","id":592}
{"label":"entailment","id":593}
{"label":"neutral","id":594}
{"label":"neutral","id":595}
{"label":"neutral","id":596}
{"label":"entailment","id":597}
{"label":"neutral","id":598}
{"label":"neutral","id":599}
{"label":"contradiction","id":600}
{"label":"entailment","id":601}
{"label":"neutral","id":602}
{"label":"contradiction","id":603}
{"label":"neutral","id":604}
{"label":"neutral","id":605}
{"label":"neutral","id":606}
{"label":"contradiction","id":607}
{"label":"neutral","id":608}
{"label":"neutral","id":609}
{"label":"contradiction","id":610}
{"label":"entailment","id":611}
{"label":"neutral","id":612}
{"label":"entailment","id":613}
{"label":"contradiction","id":614}
{"label":"entailment","id":615}
{"label":"entailment","id":616}
{"label":"neutral","id":617}
{"label":"neutral","id":618}
{"label":"entailment","id":619}
{"label":"contradiction","id":620}
{"label":"neutral","id":621}
{"label":"entailment","id":622}
{"label":"neutral","id":623}
{"label":"neutral","id":624}
{"label":"contradiction","id":625}
{"label":"contradiction","id":626}
{"label":"neutral","id":627}
{"label":"contradiction","id":628}
{"label":"entailment","id":629}
{"label":"contradiction","id":630}
{"label":"neutral","id":631}
{"label":"neutral","id":632}
{"label":"entailment","id":633}
{"label":"neutral","id":634}
{"label":"contradiction","id":635}
{"label":"contradiction","id":636}
{"label":"neutral","id":637}
{"label":"contradiction","id":638}
{"label":"neutral","id":639}
{"label":"contradiction","id":640}
{"label":"neutral","id":641}
{"label":"neutral","id":642}
{"label":"contradiction","id":643}
{"label":"contradiction","id":644}
{"label":"contradiction","id":645}
{"label":"neutral","id":646}
{"label":"entailment","id":647}
{"label":"contradiction","id":648}
{"label":"contradiction","id":649}
{"label":"contradiction","id":650}
{"label":"contradiction","id":651}
{"label":"neutral","id":652}
{"label":"entailment","id":653}
{"label":"neutral","id":654}
{"label":"neutral","id":655}
{"label":"neutral","id":656}
{"label":"neutral","id":657}
{"label":"neutral","id":658}
{"label":"neutral","id":659}
{"label":"entailment","id":660}
{"label":"neutral","id":661}
{"label":"entailment","id":662}
{"label":"entailment","id":663}
{"label":"neutral","id":664}
{"label":"neutral","id":665}
{"label":"contradiction","id":666}
{"label":"neutral","id":667}
{"label":"entailment","id":668}
{"label":"entailment","id":669}
{"label":"neutral","id":670}
{"label":"neutral","id":671}
{"label":"entailment","id":672}
{"label":"neutral","id":673}
{"label":"contradiction","id":674}
{"label":"neutral","id":675}
{"label":"contradiction","id":676}
{"label":"neutral","id":677}
{"label":"neutral","id":678}
{"label":"neutral","id":679}
{"label":"contradiction","id":680}
{"label":"contradiction","id":681}
{"label":"neutral","id":682}
{"label":"contradiction","id":683}
{"label":"contradiction","id":684}
{"label":"contradiction","id":685}
{"label":"neutral","id":686}
{"label":"contradiction","id":687}
{"label":"neutral","id":688}
{"label":"contradiction","id":689}
{"label":"neutral","id":690}
{"label":"entailment","id":691}
{"label":"entailment","id":692}
{"label":"neutral","id":693}
{"label":"contradiction","id":694}
{"label":"entailment","id":695}
{"label":"entailment","id":696}
{"label":"neutral","id":697}
{"label":"neutral","id":698}
{"label":"entailment","id":699}
{"label":"entailment","id":700}
{"label":"contradiction","id":701}
{"label":"contradiction","id":702}
{"label":"contradiction","id":703}
{"label":"contradiction","id":704}
{"label":"neutral","id":705}
{"label":"neutral","id":706}
{"label":"neutral","id":707}
{"label":"contradiction","id":708}
{"label":"neutral","id":709}
{"label":"neutral","id":710}
{"label":"contradiction","id":711}
{"label":"entailment","id":712}
{"label":"neutral","id":713}
{"label":"entailment","id":714}
{"label":"entailment","id":715}
{"label":"neutral","id":716}
{"label":"neutral","id":717}
{"label":"contradiction","id":718}
{"label":"neutral","id":719}
{"label":"neutral","id":720}
{"label":"contradiction","id":721}
{"label":"entailment","id":722}
{"label":"neutral","id":723}
{"label":"neutral","id":724}
{"label":"neutral","id":725}
{"label":"entailment","id":726}
{"label":"neutral","id":727}
{"label":"neutral","id":728}
{"label":"contradiction","id":729}
{"label":"neutral","id":730}
{"label":"entailment","id":731}
{"label":"contradiction","id":732}
{"label":"contradiction","id":733}
{"label":"contradiction","id":734}
{"label":"neutral","id":735}
{"label":"neutral","id":736}
{"label":"neutral","id":737}
{"label":"contradiction","id":738}
{"label":"entailment","id":739}
{"label":"neutral","id":740}
{"label":"neutral","id":741}
{"label":"entailment","id":742}
{"label":"contradiction","id":743}
{"label":"neutral","id":744}
{"label":"contradiction","id":745}
{"label":"entailment","id":746}
{"label":"contradiction","id":747}
{"label":"contradiction","id":748}
{"label":"neutral","id":749}
{"label":"contradiction","id":750}
{"label":"contradiction","id":751}
{"label":"neutral","id":752}
{"label":"neutral","id":753}
{"label":"contradiction","id":754}
{"label":"neutral","id":755}
{"label":"neutral","id":756}
{"label":"neutral","id":757}
{"label":"contradiction","id":758}
{"label":"neutral","id":759}
{"label":"contradiction","id":760}
{"label":"entailment","id":761}
{"label":"neutral","id":762}
{"label":"neutral","id":763}
{"label":"neutral","id":764}
{"label":"entailment","id":765}
{"label":"entailment","id":766}
{"label":"entailment","id":767}
{"label":"neutral","id":768}
{"label":"neutral","id":769}
{"label":"contradiction","id":770}
{"label":"neutral","id":771}
{"label":"contradiction","id":772}
{"label":"entailment","id":773}
{"label":"neutral","id":774}
{"label":"contradiction","id":775}
{"label":"entailment","id":776}
{"label":"entailment","id":777}
{"label":"entailment","id":778}
{"label":"neutral","id":779}
{"label":"neutral","id":780}
{"label":"neutral","id":781}
{"label":"neutral","id":782}
{"label":"contradiction","id":783}
{"label":"contradiction","id":784}
{"label":"neutral","id":785}
{"label":"entailment","id":786}
{"label":"contradiction","id":787}
{"label":"contradiction","id":788}
{"label":"neutral","id":789}
{"label":"contradiction","id":790}
{"label":"contradiction","id":791}
{"label":"contradiction","id":792}
{"label":"contradiction","id":793}
{"label":"contradiction","id":794}
{"label":"entailment","id":795}
{"label":"neutral","id":796}
{"label":"neutral","id":797}
{"label":"contradiction","id":798}
{"label":"neutral","id":799}
{"label":"neutral","id":800}
{"label":"neutral","id":801}
{"label":"contradiction","id":802}
{"label":"contradiction","id":803}
{"label":"contradiction","id":804}
{"label":"entailment","id":805}
{"label":"neutral","id":806}
{"label":"neutral","id":807}
{"label":"neutral","id":808}
{"label":"contradiction","id":809}
{"label":"neutral","id":810}
{"label":"neutral","id":811}
{"label":"entailment","id":812}
{"label":"contradiction","id":813}
{"label":"neutral","id":814}
{"label":"contradiction","id":815}
{"label":"entailment","id":816}
{"label":"contradiction","id":817}
{"label":"neutral","id":818}
{"label":"contradiction","id":819}
{"label":"contradiction","id":820}
{"label":"neutral","id":821}
{"label":"neutral","id":822}
{"label":"neutral","id":823}
{"label":"entailment","id":824}
{"label":"contradiction","id":825}
{"label":"entailment","id":826}
{"label":"neutral","id":827}
{"label":"neutral","id":828}
{"label":"entailment","id":829}
{"label":"contradiction","id":830}
{"label":"entailment","id":831}
{"label":"contradiction","id":832}
{"label":"contradiction","id":833}
{"label":"neutral","id":834}
{"label":"neutral","id":835}
{"label":"neutral","id":836}
{"label":"neutral","id":837}
{"label":"entailment","id":838}
{"label":"contradiction","id":839}
{"label":"contradiction","id":840}
{"label":"contradiction","id":841}
{"label":"entailment","id":842}
{"label":"contradiction","id":843}
{"label":"contradiction","id":844}
{"label":"neutral","id":845}
{"label":"contradiction","id":846}
{"label":"entailment","id":847}
{"label":"contradiction","id":848}
{"label":"neutral","id":849}
{"label":"contradiction","id":850}
{"label":"neutral","id":851}
{"label":"neutral","id":852}
{"label":"contradiction","id":853}
{"label":"neutral","id":854}
{"label":"contradiction","id":855}
{"label":"neutral","id":856}
{"label":"neutral","id":857}
{"label":"contradiction","id":858}
{"label":"neutral","id":859}
{"label":"contradiction","id":860}
{"label":"contradiction","id":861}
{"label":"entailment","id":862}
{"label":"entailment","id":863}
{"label":"entailment","id":864}
{"label":"neutral","id":865}
{"label":"neutral","id":866}
{"label":"neutral","id":867}
{"label":"neutral","id":868}
{"label":"neutral","id":869}
{"label":"neutral","id":870}
{"label":"contradiction","id":871}
{"label":"entailment","id":872}
{"label":"entailment","id":873}
{"label":"neutral","id":874}
{"label":"neutral","id":875}
{"label":"neutral","id":876}
{"label":"neutral","id":877}
{"label":"entailment","id":878}
{"label":"neutral","id":879}
{"label":"contradiction","id":880}
{"label":"neutral","id":881}
{"label":"contradiction","id":882}
{"label":"neutral","id":883}
{"label":"contradiction","id":884}
{"label":"contradiction","id":885}
{"label":"neutral","id":886}
{"label":"neutral","id":887}
{"label":"neutral","id":888}
{"label":"neutral","id":889}
{"label":"entailment","id":890}
{"label":"neutral","id":891}
{"label":"neutral","id":892}
{"label":"contradiction","id":893}
{"label":"neutral","id":894}
{"label":"neutral","id":895}
{"label":"contradiction","id":896}
{"label":"neutral","id":897}
{"label":"neutral","id":898}
{"label":"neutral","id":899}
{"label":"entailment","id":900}
{"label":"entailment","id":901}
{"label":"neutral","id":902}
{"label":"neutral","id":903}
{"label":"neutral","id":904}
{"label":"neutral","id":905}
{"label":"entailment","id":906}
{"label":"contradiction","id":907}
{"label":"neutral","id":908}
{"label":"contradiction","id":909}
{"label":"neutral","id":910}
{"label":"neutral","id":911}
{"label":"neutral","id":912}
{"label":"neutral","id":913}
{"label":"entailment","id":914}
{"label":"contradiction","id":915}
{"label":"contradiction","id":916}
{"label":"neutral","id":917}
{"label":"entailment","id":918}
{"label":"neutral","id":919}
{"label":"contradiction","id":920}
{"label":"contradiction","id":921}
{"label":"entailment","id":922}
{"label":"neutral","id":923}
{"label":"neutral","id":924}
{"label":"entailment","id":925}
{"label":"contradiction","id":926}
{"label":"contradiction","id":927}
{"label":"entailment","id":928}
{"label":"neutral","id":929}
{"label":"neutral","id":930}
{"label":"neutral","id":931}
{"label":"contradiction","id":932}
{"label":"contradiction","id":933}
{"label":"entailment","id":934}
{"label":"contradiction","id":935}
{"label":"contradiction","id":936}
{"label":"neutral","id":937}
{"label":"neutral","id":938}
{"label":"neutral","id":939}
{"label":"neutral","id":940}
{"label":"contradiction","id":941}
{"label":"neutral","id":942}
{"label":"contradiction","id":943}
{"label":"neutral","id":944}
{"label":"neutral","id":945}
{"label":"entailment","id":946}
{"label":"contradiction","id":947}
{"label":"neutral","id":948}
{"label":"neutral","id":949}
{"label":"neutral","id":950}
{"label":"entailment","id":951}
{"label":"neutral","id":952}
{"label":"contradiction","id":953}
{"label":"neutral","id":954}
{"label":"entailment","id":955}
{"label":"entailment","id":956}
{"label":"neutral","id":957}
{"label":"contradiction","id":958}
{"label":"entailment","id":959}
{"label":"neutral","id":960}
{"label":"entailment","id":961}
{"label":"entailment","id":962}
{"label":"contradiction","id":963}
{"label":"neutral","id":964}
{"label":"neutral","id":965}
{"label":"entailment","id":966}
{"label":"neutral","id":967}
{"label":"contradiction","id":968}
{"label":"contradiction","id":969}
{"label":"entailment","id":970}
{"label":"neutral","id":971}
{"label":"contradiction","id":972}
{"label":"contradiction","id":973}
{"label":"neutral","id":974}
{"label":"neutral","id":975}
{"label":"entailment","id":976}
{"label":"neutral","id":977}
{"label":"entailment","id":978}
{"label":"neutral","id":979}
{"label":"neutral","id":980}
{"label":"neutral","id":981}
{"label":"contradiction","id":982}
{"label":"neutral","id":983}
{"label":"neutral","id":984}
{"label":"neutral","id":985}
{"label":"contradiction","id":986}
{"label":"neutral","id":987}
{"label":"contradiction","id":988}
{"label":"neutral","id":989}
{"label":"neutral","id":990}
{"label":"neutral","id":991}
{"label":"contradiction","id":992}
{"label":"entailment","id":993}
{"label":"entailment","id":994}
{"label":"neutral","id":995}
{"label":"neutral","id":996}
{"label":"entailment","id":997}
{"label":"contradiction","id":998}
{"label":"neutral","id":999}
{"label":"neutral","id":1000}
{"label":"entailment","id":1001}
{"label":"neutral","id":1002}
{"label":"neutral","id":1003}
{"label":"contradiction","id":1004}
{"label":"entailment","id":1005}
{"label":"contradiction","id":1006}
{"label":"neutral","id":1007}
{"label":"neutral","id":1008}
{"label":"neutral","id":1009}
{"label":"neutral","id":1010}
{"label":"neutral","id":1011}
{"label":"contradiction","id":1012}
{"label":"contradiction","id":1013}
{"label":"entailment","id":1014}
{"label":"entailment","id":1015}
{"label":"neutral","id":1016}
{"label":"entailment","id":1017}
{"label":"contradiction","id":1018}
{"label":"contradiction","id":1019}
{"label":"contradiction","id":1020}
{"label":"contradiction","id":1021}
{"label":"neutral","id":1022}
{"label":"neutral","id":1023}
{"label":"contradiction","id":1024}
{"label":"contradiction","id":1025}
{"label":"contradiction","id":1026}
{"label":"neutral","id":1027}
{"label":"contradiction","id":1028}
{"label":"contradiction","id":1029}
{"label":"entailment","id":1030}
{"label":"contradiction","id":1031}
{"label":"neutral","id":1032}
{"label":"neutral","id":1033}
{"label":"entailment","id":1034}
{"label":"neutral","id":1035}
{"label":"entailment","id":1036}
{"label":"entailment","id":1037}
{"label":"contradiction","id":1038}
{"label":"neutral","id":1039}
{"label":"entailment","id":1040}
{"label":"contradiction","id":1041}
{"label":"contradiction","id":1042}
{"label":"neutral","id":1043}
{"label":"neutral","id":1044}
{"label":"contradiction","id":1045}
{"label":"neutral","id":1046}
{"label":"neutral","id":1047}
{"label":"contradiction","id":1048}
{"label":"contradiction","id":1049}
{"label":"neutral","id":1050}
{"label":"entailment","id":1051}
{"label":"entailment","id":1052}
{"label":"entailment","id":1053}
{"label":"entailment","id":1054}
{"label":"neutral","id":1055}
{"label":"entailment","id":1056}
{"label":"neutral","id":1057}
{"label":"neutral","id":1058}
{"label":"neutral","id":1059}
{"label":"contradiction","id":1060}
{"label":"neutral","id":1061}
{"label":"neutral","id":1062}
{"label":"contradiction","id":1063}
{"label":"contradiction","id":1064}
{"label":"contradiction","id":1065}
{"label":"contradiction","id":1066}
{"label":"neutral","id":1067}
{"label":"neutral","id":1068}
{"label":"neutral","id":1069}
{"label":"neutral","id":1070}
{"label":"entailment","id":1071}
{"label":"neutral","id":1072}
{"label":"entailment","id":1073}
{"label":"neutral","id":1074}
{"label":"entailment","id":1075}
{"label":"neutral","id":1076}
{"label":"neutral","id":1077}
{"label":"neutral","id":1078}
{"label":"contradiction","id":1079}
{"label":"neutral","id":1080}
{"label":"neutral","id":1081}
{"label":"neutral","id":1082}
{"label":"contradiction","id":1083}
{"label":"entailment","id":1084}
{"label":"contradiction","id":1085}
{"label":"neutral","id":1086}
{"label":"contradiction","id":1087}
{"label":"contradiction","id":1088}
{"label":"contradiction","id":1089}
{"label":"contradiction","id":1090}
{"label":"neutral","id":1091}
{"label":"neutral","id":1092}
{"label":"contradiction","id":1093}
{"label":"contradiction","id":1094}
{"label":"neutral","id":1095}
{"label":"neutral","id":1096}
{"label":"contradiction","id":1097}
{"label":"contradiction","id":1098}
{"label":"contradiction","id":1099}
{"label":"entailment","id":1100}
{"label":"neutral","id":1101}
{"label":"entailment","id":1102}
{"label":"contradiction","id":1103}
{"label":"contradiction","id":1104}
{"label":"neutral","id":1105}
{"label":"contradiction","id":1106}
{"label":"contradiction","id":1107}
{"label":"entailment","id":1108}
{"label":"contradiction","id":1109}
{"label":"entailment","id":1110}
{"label":"contradiction","id":1111}
{"label":"contradiction","id":1112}
{"label":"neutral","id":1113}
{"label":"neutral","id":1114}
{"label":"neutral","id":1115}
{"label":"contradiction","id":1116}
{"label":"neutral","id":1117}
{"label":"contradiction","id":1118}
{"label":"contradiction","id":1119}
{"label":"neutral","id":1120}
{"label":"entailment","id":1121}
{"label":"contradiction","id":1122}
{"label":"neutral","id":1123}
{"label":"neutral","id":1124}
{"label":"neutral","id":1125}
{"label":"entailment","id":1126}
{"label":"contradiction","id":1127}
{"label":"neutral","id":1128}
{"label":"neutral","id":1129}
{"label":"neutral","id":1130}
{"label":"neutral","id":1131}
{"label":"neutral","id":1132}
{"label":"neutral","id":1133}
{"label":"entailment","id":1134}
{"label":"neutral","id":1135}
{"label":"entailment","id":1136}
{"label":"contradiction","id":1137}
{"label":"contradiction","id":1138}
{"label":"neutral","id":1139}
{"label":"entailment","id":1140}
{"label":"contradiction","id":1141}
{"label":"entailment","id":1142}
{"label":"contradiction","id":1143}
{"label":"contradiction","id":1144}
{"label":"neutral","id":1145}
{"label":"entailment","id":1146}
{"label":"neutral","id":1147}
{"label":"neutral","id":1148}
{"label":"neutral","id":1149}
{"label":"neutral","id":1150}
{"label":"neutral","id":1151}
{"label":"entailment","id":1152}
{"label":"entailment","id":1153}
{"label":"contradiction","id":1154}
{"label":"contradiction","id":1155}
{"label":"neutral","id":1156}
{"label":"entailment","id":1157}
{"label":"neutral","id":1158}
{"label":"neutral","id":1159}
{"label":"neutral","id":1160}
{"label":"contradiction","id":1161}
{"label":"neutral","id":1162}
{"label":"neutral","id":1163}
{"label":"entailment","id":1164}
{"label":"neutral","id":1165}
{"label":"neutral","id":1166}
{"label":"neutral","id":1167}
{"label":"contradiction","id":1168}
{"label":"entailment","id":1169}
{"label":"contradiction","id":1170}
{"label":"contradiction","id":1171}
{"label":"neutral","id":1172}
{"label":"entailment","id":1173}
{"label":"entailment","id":1174}
{"label":"contradiction","id":1175}
{"label":"entailment","id":1176}
{"label":"neutral","id":1177}
{"label":"contradiction","id":1178}
{"label":"neutral","id":1179}
{"label":"contradiction","id":1180}
{"label":"contradiction","id":1181}
{"label":"contradiction","id":1182}
{"label":"contradiction","id":1183}
{"label":"entailment","id":1184}
{"label":"entailment","id":1185}
{"label":"neutral","id":1186}
{"label":"entailment","id":1187}
{"label":"neutral","id":1188}
{"label":"neutral","id":1189}
{"label":"contradiction","id":1190}
{"label":"entailment","id":1191}
{"label":"entailment","id":1192}
{"label":"neutral","id":1193}
{"label":"entailment","id":1194}
{"label":"neutral","id":1195}
{"label":"contradiction","id":1196}
{"label":"entailment","id":1197}
{"label":"neutral","id":1198}
{"label":"contradiction","id":1199}
{"label":"neutral","id":1200}
{"label":"entailment","id":1201}
{"label":"contradiction","id":1202}
{"label":"contradiction","id":1203}
{"label":"entailment","id":1204}
{"label":"neutral","id":1205}
{"label":"contradiction","id":1206}
{"label":"contradiction","id":1207}
{"label":"contradiction","id":1208}
{"label":"entailment","id":1209}
{"label":"neutral","id":1210}
{"label":"entailment","id":1211}
{"label":"contradiction","id":1212}
{"label":"entailment","id":1213}
{"label":"entailment","id":1214}
{"label":"entailment","id":1215}
{"label":"contradiction","id":1216}
{"label":"entailment","id":1217}
{"label":"contradiction","id":1218}
{"label":"entailment","id":1219}
{"label":"entailment","id":1220}
{"label":"contradiction","id":1221}
{"label":"contradiction","id":1222}
{"label":"entailment","id":1223}
{"label":"neutral","id":1224}
{"label":"neutral","id":1225}
{"label":"contradiction","id":1226}
{"label":"entailment","id":1227}
{"label":"contradiction","id":1228}
{"label":"neutral","id":1229}
{"label":"contradiction","id":1230}
{"label":"entailment","id":1231}
{"label":"contradiction","id":1232}
{"label":"contradiction","id":1233}
{"label":"neutral","id":1234}
{"label":"entailment","id":1235}
{"label":"entailment","id":1236}
{"label":"neutral","id":1237}
{"label":"neutral","id":1238}
{"label":"neutral","id":1239}
{"label":"contradiction","id":1240}
{"label":"neutral","id":1241}
{"label":"entailment","id":1242}
{"label":"neutral","id":1243}
{"label":"contradiction","id":1244}
{"label":"contradiction","id":1245}
{"label":"entailment","id":1246}
{"label":"entailment","id":1247}
{"label":"entailment","id":1248}
{"label":"neutral","id":1249}
{"label":"contradiction","id":1250}
{"label":"contradiction","id":1251}
{"label":"neutral","id":1252}
{"label":"entailment","id":1253}
{"label":"contradiction","id":1254}
{"label":"neutral","id":1255}
{"label":"entailment","id":1256}
{"label":"contradiction","id":1257}
{"label":"contradiction","id":1258}
{"label":"neutral","id":1259}
{"label":"contradiction","id":1260}
{"label":"neutral","id":1261}
{"label":"entailment","id":1262}
{"label":"neutral","id":1263}
{"label":"neutral","id":1264}
{"label":"neutral","id":1265}
{"label":"entailment","id":1266}
{"label":"contradiction","id":1267}
{"label":"contradiction","id":1268}
{"label":"contradiction","id":1269}
{"label":"entailment","id":1270}
{"label":"neutral","id":1271}
{"label":"contradiction","id":1272}
{"label":"entailment","id":1273}
{"label":"contradiction","id":1274}
{"label":"contradiction","id":1275}
{"label":"neutral","id":1276}
{"label":"neutral","id":1277}
{"label":"contradiction","id":1278}
{"label":"contradiction","id":1279}
{"label":"neutral","id":1280}
{"label":"neutral","id":1281}
{"label":"neutral","id":1282}
{"label":"neutral","id":1283}
{"label":"neutral","id":1284}
{"label":"contradiction","id":1285}
{"label":"neutral","id":1286}
{"label":"contradiction","id":1287}
{"label":"neutral","id":1288}
{"label":"entailment","id":1289}
{"label":"neutral","id":1290}
{"label":"contradiction","id":1291}
{"label":"contradiction","id":1292}
{"label":"neutral","id":1293}
{"label":"neutral","id":1294}
{"label":"neutral","id":1295}
{"label":"contradiction","id":1296}
{"label":"contradiction","id":1297}
{"label":"contradiction","id":1298}
{"label":"neutral","id":1299}
{"label":"contradiction","id":1300}
{"label":"entailment","id":1301}
{"label":"entailment","id":1302}
{"label":"contradiction","id":1303}
{"label":"neutral","id":1304}
{"label":"contradiction","id":1305}
{"label":"neutral","id":1306}
{"label":"neutral","id":1307}
{"label":"neutral","id":1308}
{"label":"neutral","id":1309}
{"label":"neutral","id":1310}
{"label":"entailment","id":1311}
{"label":"neutral","id":1312}
{"label":"neutral","id":1313}
{"label":"neutral","id":1314}
{"label":"contradiction","id":1315}
{"label":"neutral","id":1316}
{"label":"entailment","id":1317}
{"label":"entailment","id":1318}
{"label":"entailment","id":1319}
{"label":"neutral","id":1320}
{"label":"neutral","id":1321}
{"label":"contradiction","id":1322}
{"label":"contradiction","id":1323}
{"label":"entailment","id":1324}
{"label":"entailment","id":1325}
{"label":"contradiction","id":1326}
{"label":"entailment","id":1327}
{"label":"neutral","id":1328}
{"label":"neutral","id":1329}
{"label":"contradiction","id":1330}
{"label":"contradiction","id":1331}
{"label":"neutral","id":1332}
{"label":"entailment","id":1333}
{"label":"neutral","id":1334}
{"label":"neutral","id":1335}
{"label":"contradiction","id":1336}
{"label":"neutral","id":1337}
{"label":"neutral","id":1338}
{"label":"entailment","id":1339}
{"label":"neutral","id":1340}
{"label":"neutral","id":1341}
{"label":"neutral","id":1342}
{"label":"neutral","id":1343}
{"label":"contradiction","id":1344}
{"label":"neutral","id":1345}
{"label":"contradiction","id":1346}
{"label":"entailment","id":1347}
{"label":"contradiction","id":1348}
{"label":"neutral","id":1349}
{"label":"neutral","id":1350}
{"label":"neutral","id":1351}
{"label":"contradiction","id":1352}
{"label":"entailment","id":1353}
{"label":"neutral","id":1354}
{"label":"contradiction","id":1355}
{"label":"contradiction","id":1356}
{"label":"entailment","id":1357}
{"label":"contradiction","id":1358}
{"label":"neutral","id":1359}
{"label":"neutral","id":1360}
{"label":"entailment","id":1361}
{"label":"entailment","id":1362}
{"label":"contradiction","id":1363}
{"label":"entailment","id":1364}
{"label":"entailment","id":1365}
{"label":"neutral","id":1366}
{"label":"entailment","id":1367}
{"label":"entailment","id":1368}
{"label":"contradiction","id":1369}
{"label":"neutral","id":1370}
{"label":"neutral","id":1371}
{"label":"neutral","id":1372}
{"label":"neutral","id":1373}
{"label":"neutral","id":1374}
{"label":"entailment","id":1375}
{"label":"neutral","id":1376}
{"label":"contradiction","id":1377}
{"label":"contradiction","id":1378}
{"label":"contradiction","id":1379}
{"label":"entailment","id":1380}
{"label":"neutral","id":1381}
{"label":"neutral","id":1382}
{"label":"neutral","id":1383}
{"label":"neutral","id":1384}
{"label":"neutral","id":1385}
{"label":"neutral","id":1386}
{"label":"neutral","id":1387}
{"label":"entailment","id":1388}
{"label":"contradiction","id":1389}
{"label":"neutral","id":1390}
{"label":"contradiction","id":1391}
{"label":"contradiction","id":1392}
{"label":"neutral","id":1393}
{"label":"entailment","id":1394}
{"label":"contradiction","id":1395}
{"label":"neutral","id":1396}
{"label":"contradiction","id":1397}
{"label":"neutral","id":1398}
{"label":"neutral","id":1399}
{"label":"contradiction","id":1400}
{"label":"neutral","id":1401}
{"label":"entailment","id":1402}
{"label":"contradiction","id":1403}
{"label":"neutral","id":1404}
{"label":"neutral","id":1405}
{"label":"contradiction","id":1406}
{"label":"entailment","id":1407}
{"label":"entailment","id":1408}
{"label":"entailment","id":1409}
{"label":"entailment","id":1410}
{"label":"entailment","id":1411}
{"label":"entailment","id":1412}
{"label":"contradiction","id":1413}
{"label":"contradiction","id":1414}
{"label":"neutral","id":1415}
{"label":"neutral","id":1416}
{"label":"neutral","id":1417}
{"label":"neutral","id":1418}
{"label":"entailment","id":1419}
{"label":"contradiction","id":1420}
{"label":"neutral","id":1421}
{"label":"neutral","id":1422}
{"label":"neutral","id":1423}
{"label":"contradiction","id":1424}
{"label":"neutral","id":1425}
{"label":"neutral","id":1426}
{"label":"neutral","id":1427}
{"label":"neutral","id":1428}
{"label":"neutral","id":1429}
{"label":"entailment","id":1430}
{"label":"contradiction","id":1431}
{"label":"contradiction","id":1432}
{"label":"neutral","id":1433}
{"label":"contradiction","id":1434}
{"label":"contradiction","id":1435}
{"label":"contradiction","id":1436}
{"label":"neutral","id":1437}
{"label":"neutral","id":1438}
{"label":"neutral","id":1439}
{"label":"entailment","id":1440}
{"label":"entailment","id":1441}
{"label":"entailment","id":1442}
{"label":"contradiction","id":1443}
{"label":"contradiction","id":1444}
{"label":"entailment","id":1445}
{"label":"contradiction","id":1446}
{"label":"entailment","id":1447}
{"label":"neutral","id":1448}
{"label":"contradiction","id":1449}
{"label":"contradiction","id":1450}
{"label":"entailment","id":1451}
{"label":"entailment","id":1452}
{"label":"contradiction","id":1453}
{"label":"neutral","id":1454}
{"label":"neutral","id":1455}
{"label":"contradiction","id":1456}
{"label":"entailment","id":1457}
{"label":"neutral","id":1458}
{"label":"contradiction","id":1459}
{"label":"neutral","id":1460}
{"label":"contradiction","id":1461}
{"label":"entailment","id":1462}
{"label":"neutral","id":1463}
{"label":"entailment","id":1464}
{"label":"neutral","id":1465}
{"label":"neutral","id":1466}
{"label":"contradiction","id":1467}
{"label":"neutral","id":1468}
{"label":"entailment","id":1469}
{"label":"neutral","id":1470}
{"label":"contradiction","id":1471}
{"label":"neutral","id":1472}
{"label":"contradiction","id":1473}
{"label":"neutral","id":1474}
{"label":"neutral","id":1475}
{"label":"neutral","id":1476}
{"label":"contradiction","id":1477}
{"label":"contradiction","id":1478}
{"label":"entailment","id":1479}
{"label":"entailment","id":1480}
{"label":"contradiction","id":1481}
{"label":"entailment","id":1482}
{"label":"neutral","id":1483}
{"label":"contradiction","id":1484}
{"label":"contradiction","id":1485}
{"label":"contradiction","id":1486}
{"label":"contradiction","id":1487}
{"label":"neutral","id":1488}
{"label":"contradiction","id":1489}
{"label":"entailment","id":1490}
{"label":"contradiction","id":1491}
{"label":"contradiction","id":1492}
{"label":"neutral","id":1493}
{"label":"neutral","id":1494}
{"label":"contradiction","id":1495}
{"label":"neutral","id":1496}
{"label":"neutral","id":1497}
{"label":"entailment","id":1498}
{"label":"entailment","id":1499}
{"label":"entailment","id":1500}
{"label":"neutral","id":1501}
{"label":"contradiction","id":1502}
{"label":"neutral","id":1503}
{"label":"entailment","id":1504}
{"label":"neutral","id":1505}
{"label":"neutral","id":1506}
{"label":"neutral","id":1507}
{"label":"contradiction","id":1508}
{"label":"neutral","id":1509}
{"label":"contradiction","id":1510}
{"label":"entailment","id":1511}
{"label":"neutral","id":1512}
{"label":"neutral","id":1513}
{"label":"entailment","id":1514}
{"label":"neutral","id":1515}
{"label":"neutral","id":1516}
{"label":"neutral","id":1517}
{"label":"contradiction","id":1518}
{"label":"neutral","id":1519}
{"label":"neutral","id":1520}
{"label":"neutral","id":1521}
{"label":"entailment","id":1522}
{"label":"contradiction","id":1523}
{"label":"entailment","id":1524}
{"label":"entailment","id":1525}
{"label":"contradiction","id":1526}
{"label":"neutral","id":1527}
{"label":"contradiction","id":1528}
{"label":"neutral","id":1529}
{"label":"entailment","id":1530}
{"label":"contradiction","id":1531}
{"label":"entailment","id":1532}
{"label":"neutral","id":1533}
{"label":"entailment","id":1534}
{"label":"entailment","id":1535}
{"label":"entailment","id":1536}
{"label":"neutral","id":1537}
{"label":"entailment","id":1538}
{"label":"contradiction","id":1539}
{"label":"contradiction","id":1540}
{"label":"contradiction","id":1541}
{"label":"neutral","id":1542}
{"label":"neutral","id":1543}
{"label":"contradiction","id":1544}
{"label":"neutral","id":1545}
{"label":"neutral","id":1546}
{"label":"entailment","id":1547}
{"label":"contradiction","id":1548}
{"label":"contradiction","id":1549}
{"label":"entailment","id":1550}
{"label":"neutral","id":1551}
{"label":"neutral","id":1552}
{"label":"contradiction","id":1553}
{"label":"neutral","id":1554}
{"label":"contradiction","id":1555}
{"label":"neutral","id":1556}
{"label":"contradiction","id":1557}
{"label":"neutral","id":1558}
{"label":"entailment","id":1559}
{"label":"contradiction","id":1560}
{"label":"contradiction","id":1561}
{"label":"entailment","id":1562}
{"label":"neutral","id":1563}
{"label":"neutral","id":1564}
{"label":"neutral","id":1565}
{"label":"contradiction","id":1566}
{"label":"entailment","id":1567}
{"label":"neutral","id":1568}
{"label":"neutral","id":1569}
{"label":"neutral","id":1570}
{"label":"neutral","id":1571}
{"label":"neutral","id":1572}
{"label":"entailment","id":1573}
{"label":"neutral","id":1574}
{"label":"entailment","id":1575}
{"label":"contradiction","id":1576}
{"label":"neutral","id":1577}
{"label":"entailment","id":1578}
{"label":"neutral","id":1579}
{"label":"contradiction","id":1580}
{"label":"neutral","id":1581}
{"label":"contradiction","id":1582}
{"label":"contradiction","id":1583}
{"label":"entailment","id":1584}
{"label":"neutral","id":1585}
{"label":"neutral","id":1586}
{"label":"neutral","id":1587}
{"label":"neutral","id":1588}
{"label":"contradiction","id":1589}
{"label":"entailment","id":1590}
{"label":"neutral","id":1591}
{"label":"neutral","id":1592}
{"label":"contradiction","id":1593}
{"label":"neutral","id":1594}
{"label":"neutral","id":1595}
{"label":"entailment","id":1596}
{"label":"contradiction","id":1597}
{"label":"neutral","id":1598}
{"label":"neutral","id":1599}
{"label":"neutral","id":1600}
{"label":"neutral","id":1601}
{"label":"contradiction","id":1602}
{"label":"contradiction","id":1603}
{"label":"entailment","id":1604}
{"label":"neutral","id":1605}
{"label":"neutral","id":1606}
{"label":"entailment","id":1607}
{"label":"neutral","id":1608}
{"label":"entailment","id":1609}
{"label":"neutral","id":1610}
{"label":"neutral","id":1611}
{"label":"neutral","id":1612}
{"label":"neutral","id":1613}
{"label":"neutral","id":1614}
{"label":"neutral","id":1615}
{"label":"entailment","id":1616}
{"label":"neutral","id":1617}
{"label":"contradiction","id":1618}
{"label":"neutral","id":1619}
{"label":"entailment","id":1620}
{"label":"neutral","id":1621}
{"label":"entailment","id":1622}
{"label":"entailment","id":1623}
{"label":"entailment","id":1624}
{"label":"entailment","id":1625}
{"label":"neutral","id":1626}
{"label":"contradiction","id":1627}
{"label":"contradiction","id":1628}
{"label":"contradiction","id":1629}
{"label":"contradiction","id":1630}
{"label":"neutral","id":1631}
{"label":"contradiction","id":1632}
{"label":"neutral","id":1633}
{"label":"contradiction","id":1634}
{"label":"entailment","id":1635}
{"label":"neutral","id":1636}
{"label":"entailment","id":1637}
{"label":"neutral","id":1638}
{"label":"neutral","id":1639}
{"label":"contradiction","id":1640}
{"label":"neutral","id":1641}
{"label":"contradiction","id":1642}
{"label":"entailment","id":1643}
{"label":"contradiction","id":1644}
{"label":"entailment","id":1645}
{"label":"entailment","id":1646}
{"label":"contradiction","id":1647}
{"label":"contradiction","id":1648}
{"label":"contradiction","id":1649}
{"label":"contradiction","id":1650}
{"label":"contradiction","id":1651}
{"label":"neutral","id":1652}
{"label":"contradiction","id":1653}
{"label":"neutral","id":1654}
{"label":"entailment","id":1655}
{"label":"contradiction","id":1656}
{"label":"contradiction","id":1657}
{"label":"neutral","id":1658}
{"label":"neutral","id":1659}
{"label":"neutral","id":1660}
{"label":"contradiction","id":1661}
{"label":"contradiction","id":1662}
{"label":"contradiction","id":1663}
{"label":"neutral","id":1664}
{"label":"neutral","id":1665}
{"label":"neutral","id":1666}
{"label":"contradiction","id":1667}
{"label":"neutral","id":1668}
{"label":"contradiction","id":1669}
{"label":"contradiction","id":1670}
{"label":"entailment","id":1671}
{"label":"neutral","id":1672}
{"label":"neutral","id":1673}
{"label":"neutral","id":1674}
{"label":"contradiction","id":1675}
{"label":"contradiction","id":1676}
{"label":"contradiction","id":1677}
{"label":"contradiction","id":1678}
{"label":"entailment","id":1679}
{"label":"contradiction","id":1680}
{"label":"neutral","id":1681}
{"label":"contradiction","id":1682}
{"label":"entailment","id":1683}
{"label":"contradiction","id":1684}
{"label":"contradiction","id":1685}
{"label":"contradiction","id":1686}
{"label":"neutral","id":1687}
{"label":"neutral","id":1688}
{"label":"neutral","id":1689}
{"label":"contradiction","id":1690}
{"label":"neutral","id":1691}
{"label":"neutral","id":1692}
{"label":"contradiction","id":1693}
{"label":"entailment","id":1694}
{"label":"neutral","id":1695}
{"label":"entailment","id":1696}
{"label":"neutral","id":1697}
{"label":"neutral","id":1698}
{"label":"neutral","id":1699}
{"label":"contradiction","id":1700}
{"label":"contradiction","id":1701}
{"label":"contradiction","id":1702}
{"label":"neutral","id":1703}
{"label":"contradiction","id":1704}
{"label":"entailment","id":1705}
{"label":"entailment","id":1706}
{"label":"entailment","id":1707}
{"label":"contradiction","id":1708}
{"label":"entailment","id":1709}
{"label":"contradiction","id":1710}
{"label":"entailment","id":1711}
{"label":"neutral","id":1712}
{"label":"contradiction","id":1713}
{"label":"neutral","id":1714}
{"label":"entailment","id":1715}
{"label":"entailment","id":1716}
{"label":"contradiction","id":1717}
{"label":"neutral","id":1718}
{"label":"neutral","id":1719}
{"label":"contradiction","id":1720}
{"label":"contradiction","id":1721}
{"label":"neutral","id":1722}
{"label":"neutral","id":1723}
{"label":"entailment","id":1724}
{"label":"entailment","id":1725}
{"label":"neutral","id":1726}
{"label":"neutral","id":1727}
{"label":"entailment","id":1728}
{"label":"neutral","id":1729}
{"label":"contradiction","id":1730}
{"label":"contradiction","id":1731}
{"label":"entailment","id":1732}
{"label":"neutral","id":1733}
{"label":"neutral","id":1734}
{"label":"entailment","id":1735}
{"label":"contradiction","id":1736}
{"label":"neutral","id":1737}
{"label":"contradiction","id":1738}
{"label":"neutral","id":1739}
{"label":"contradiction","id":1740}
{"label":"neutral","id":1741}
{"label":"neutral","id":1742}
{"label":"entailment","id":1743}
{"label":"neutral","id":1744}
{"label":"neutral","id":1745}
{"label":"contradiction","id":1746}
{"label":"entailment","id":1747}
{"label":"entailment","id":1748}
{"label":"neutral","id":1749}
{"label":"contradiction","id":1750}
{"label":"neutral","id":1751}
{"label":"entailment","id":1752}
{"label":"neutral","id":1753}
{"label":"entailment","id":1754}
{"label":"neutral","id":1755}
{"label":"contradiction","id":1756}
{"label":"contradiction","id":1757}
{"label":"entailment","id":1758}
{"label":"contradiction","id":1759}
{"label":"neutral","id":1760}
{"label":"neutral","id":1761}
{"label":"neutral","id":1762}
{"label":"entailment","id":1763}
{"label":"contradiction","id":1764}
{"label":"entailment","id":1765}
{"label":"contradiction","id":1766}
{"label":"neutral","id":1767}
{"label":"contradiction","id":1768}
{"label":"neutral","id":1769}
{"label":"contradiction","id":1770}
{"label":"neutral","id":1771}
{"label":"contradiction","id":1772}
{"label":"neutral","id":1773}
{"label":"contradiction","id":1774}
{"label":"entailment","id":1775}
{"label":"neutral","id":1776}
{"label":"neutral","id":1777}
{"label":"neutral","id":1778}
{"label":"contradiction","id":1779}
{"label":"entailment","id":1780}
{"label":"neutral","id":1781}
{"label":"contradiction","id":1782}
{"label":"neutral","id":1783}
{"label":"contradiction","id":1784}
{"label":"neutral","id":1785}
{"label":"entailment","id":1786}
{"label":"entailment","id":1787}
{"label":"neutral","id":1788}
{"label":"neutral","id":1789}
{"label":"neutral","id":1790}
{"label":"entailment","id":1791}
{"label":"neutral","id":1792}
{"label":"entailment","id":1793}
{"label":"entailment","id":1794}
{"label":"contradiction","id":1795}
{"label":"neutral","id":1796}
{"label":"neutral","id":1797}
{"label":"neutral","id":1798}
{"label":"contradiction","id":1799}
{"label":"neutral","id":1800}
{"label":"neutral","id":1801}
{"label":"contradiction","id":1802}
{"label":"contradiction","id":1803}
{"label":"neutral","id":1804}
{"label":"contradiction","id":1805}
{"label":"neutral","id":1806}
{"label":"neutral","id":1807}
{"label":"contradiction","id":1808}
{"label":"neutral","id":1809}
{"label":"contradiction","id":1810}
{"label":"entailment","id":1811}
{"label":"contradiction","id":1812}
{"label":"entailment","id":1813}
{"label":"contradiction","id":1814}
{"label":"contradiction","id":1815}
{"label":"neutral","id":1816}
{"label":"entailment","id":1817}
{"label":"neutral","id":1818}
{"label":"contradiction","id":1819}
{"label":"contradiction","id":1820}
{"label":"neutral","id":1821}
{"label":"entailment","id":1822}
{"label":"neutral","id":1823}
{"label":"contradiction","id":1824}
{"label":"neutral","id":1825}
{"label":"entailment","id":1826}
{"label":"entailment","id":1827}
{"label":"contradiction","id":1828}
{"label":"entailment","id":1829}
{"label":"contradiction","id":1830}
{"label":"neutral","id":1831}
{"label":"contradiction","id":1832}
{"label":"entailment","id":1833}
{"label":"contradiction","id":1834}
{"label":"contradiction","id":1835}
{"label":"neutral","id":1836}
{"label":"contradiction","id":1837}
{"label":"entailment","id":1838}
{"label":"neutral","id":1839}
{"label":"contradiction","id":1840}
{"label":"neutral","id":1841}
{"label":"contradiction","id":1842}
{"label":"neutral","id":1843}
{"label":"neutral","id":1844}
{"label":"contradiction","id":1845}
{"label":"neutral","id":1846}
{"label":"entailment","id":1847}
{"label":"neutral","id":1848}
{"label":"contradiction","id":1849}
{"label":"contradiction","id":1850}
{"label":"contradiction","id":1851}
{"label":"entailment","id":1852}
{"label":"entailment","id":1853}
{"label":"contradiction","id":1854}
{"label":"entailment","id":1855}
{"label":"contradiction","id":1856}
{"label":"entailment","id":1857}
{"label":"contradiction","id":1858}
{"label":"entailment","id":1859}
{"label":"contradiction","id":1860}
{"label":"neutral","id":1861}
{"label":"contradiction","id":1862}
{"label":"neutral","id":1863}
{"label":"entailment","id":1864}
{"label":"neutral","id":1865}
{"label":"neutral","id":1866}
{"label":"contradiction","id":1867}
{"label":"neutral","id":1868}
{"label":"contradiction","id":1869}
{"label":"neutral","id":1870}
{"label":"contradiction","id":1871}
{"label":"neutral","id":1872}
{"label":"entailment","id":1873}
{"label":"neutral","id":1874}
{"label":"neutral","id":1875}
{"label":"contradiction","id":1876}
{"label":"contradiction","id":1877}
{"label":"neutral","id":1878}
{"label":"entailment","id":1879}
{"label":"neutral","id":1880}
{"label":"neutral","id":1881}
{"label":"neutral","id":1882}
{"label":"neutral","id":1883}
{"label":"contradiction","id":1884}
{"label":"contradiction","id":1885}
{"label":"contradiction","id":1886}
{"label":"contradiction","id":1887}
{"label":"neutral","id":1888}
{"label":"entailment","id":1889}
{"label":"neutral","id":1890}
{"label":"contradiction","id":1891}
{"label":"neutral","id":1892}
{"label":"neutral","id":1893}
{"label":"neutral","id":1894}
{"label":"neutral","id":1895}
{"label":"contradiction","id":1896}
{"label":"neutral","id":1897}
{"label":"neutral","id":1898}
{"label":"contradiction","id":1899}
{"label":"contradiction","id":1900}
{"label":"contradiction","id":1901}
{"label":"neutral","id":1902}
{"label":"neutral","id":1903}
{"label":"neutral","id":1904}
{"label":"contradiction","id":1905}
{"label":"contradiction","id":1906}
{"label":"neutral","id":1907}
{"label":"neutral","id":1908}
{"label":"contradiction","id":1909}
{"label":"entailment","id":1910}
{"label":"neutral","id":1911}
{"label":"neutral","id":1912}
{"label":"contradiction","id":1913}
{"label":"neutral","id":1914}
{"label":"neutral","id":1915}
{"label":"contradiction","id":1916}
{"label":"contradiction","id":1917}
{"label":"contradiction","id":1918}
{"label":"neutral","id":1919}
{"label":"entailment","id":1920}
{"label":"contradiction","id":1921}
{"label":"entailment","id":1922}
{"label":"entailment","id":1923}
{"label":"neutral","id":1924}
{"label":"contradiction","id":1925}
{"label":"contradiction","id":1926}
{"label":"contradiction","id":1927}
{"label":"entailment","id":1928}
{"label":"neutral","id":1929}
{"label":"contradiction","id":1930}
{"label":"neutral","id":1931}
{"label":"contradiction","id":1932}
{"label":"entailment","id":1933}
{"label":"contradiction","id":1934}
{"label":"contradiction","id":1935}
{"label":"neutral","id":1936}
{"label":"entailment","id":1937}
{"label":"neutral","id":1938}
{"label":"entailment","id":1939}
{"label":"neutral","id":1940}
{"label":"neutral","id":1941}
{"label":"neutral","id":1942}
{"label":"neutral","id":1943}
{"label":"neutral","id":1944}
{"label":"contradiction","id":1945}
{"label":"contradiction","id":1946}
{"label":"contradiction","id":1947}
{"label":"contradiction","id":1948}
{"label":"entailment","id":1949}
{"label":"neutral","id":1950}
{"label":"contradiction","id":1951}
{"label":"neutral","id":1952}
{"label":"contradiction","id":1953}
{"label":"contradiction","id":1954}
{"label":"entailment","id":1955}
{"label":"contradiction","id":1956}
{"label":"neutral","id":1957}
{"label":"entailment","id":1958}
{"label":"neutral","id":1959}
{"label":"contradiction","id":1960}
{"label":"neutral","id":1961}
{"label":"neutral","id":1962}
{"label":"neutral","id":1963}
{"label":"contradiction","id":1964}
{"label":"contradiction","id":1965}
{"label":"contradiction","id":1966}
{"label":"neutral","id":1967}
{"label":"contradiction","id":1968}
{"label":"neutral","id":1969}
{"label":"neutral","id":1970}
{"label":"entailment","id":1971}
{"label":"contradiction","id":1972}
{"label":"neutral","id":1973}
{"label":"contradiction","id":1974}
{"label":"neutral","id":1975}
{"label":"entailment","id":1976}
{"label":"entailment","id":1977}
{"label":"contradiction","id":1978}
{"label":"neutral","id":1979}
{"label":"contradiction","id":1980}
{"label":"contradiction","id":1981}
{"label":"contradiction","id":1982}
{"label":"entailment","id":1983}
{"label":"contradiction","id":1984}
{"label":"neutral","id":1985}
{"label":"contradiction","id":1986}
{"label":"neutral","id":1987}
{"label":"contradiction","id":1988}
{"label":"entailment","id":1989}
{"label":"entailment","id":1990}
{"label":"entailment","id":1991}
{"label":"contradiction","id":1992}
{"label":"neutral","id":1993}
{"label":"entailment","id":1994}
{"label":"entailment","id":1995}
{"label":"neutral","id":1996}
{"label":"contradiction","id":1997}
{"label":"neutral","id":1998}
{"label":"neutral","id":1999}
{"label":"neutral","id":2000}
{"label":"entailment","id":2001}
{"label":"entailment","id":2002}
{"label":"neutral","id":2003}
{"label":"entailment","id":2004}
{"label":"neutral","id":2005}
{"label":"contradiction","id":2006}
{"label":"neutral","id":2007}
{"label":"neutral","id":2008}
{"label":"neutral","id":2009}
{"label":"contradiction","id":2010}
{"label":"neutral","id":2011}
{"label":"contradiction","id":2012}
{"label":"entailment","id":2013}
{"label":"contradiction","id":2014}
{"label":"entailment","id":2015}
{"label":"neutral","id":2016}
{"label":"contradiction","id":2017}
{"label":"neutral","id":2018}
{"label":"neutral","id":2019}
{"label":"contradiction","id":2020}
{"label":"neutral","id":2021}
{"label":"contradiction","id":2022}
{"label":"contradiction","id":2023}
{"label":"entailment","id":2024}
{"label":"neutral","id":2025}
{"label":"neutral","id":2026}
{"label":"neutral","id":2027}
{"label":"neutral","id":2028}
{"label":"contradiction","id":2029}
{"label":"neutral","id":2030}
{"label":"contradiction","id":2031}
{"label":"contradiction","id":2032}
{"label":"neutral","id":2033}
{"label":"entailment","id":2034}
{"label":"neutral","id":2035}
{"label":"entailment","id":2036}
{"label":"entailment","id":2037}
{"label":"entailment","id":2038}
{"label":"entailment","id":2039}
{"label":"entailment","id":2040}
{"label":"entailment","id":2041}
{"label":"neutral","id":2042}
{"label":"neutral","id":2043}
{"label":"entailment","id":2044}
{"label":"entailment","id":2045}
{"label":"contradiction","id":2046}
{"label":"neutral","id":2047}
{"label":"contradiction","id":2048}
{"label":"neutral","id":2049}
{"label":"entailment","id":2050}
{"label":"entailment","id":2051}
{"label":"contradiction","id":2052}
{"label":"contradiction","id":2053}
{"label":"neutral","id":2054}
{"label":"contradiction","id":2055}
{"label":"contradiction","id":2056}
{"label":"neutral","id":2057}
{"label":"contradiction","id":2058}
{"label":"entailment","id":2059}
{"label":"entailment","id":2060}
{"label":"entailment","id":2061}
{"label":"contradiction","id":2062}
{"label":"neutral","id":2063}
{"label":"contradiction","id":2064}
{"label":"neutral","id":2065}
{"label":"entailment","id":2066}
{"label":"contradiction","id":2067}
{"label":"neutral","id":2068}
{"label":"entailment","id":2069}
{"label":"neutral","id":2070}
{"label":"entailment","id":2071}
{"label":"neutral","id":2072}
{"label":"contradiction","id":2073}
{"label":"neutral","id":2074}
{"label":"contradiction","id":2075}
{"label":"contradiction","id":2076}
{"label":"neutral","id":2077}
{"label":"neutral","id":2078}
{"label":"contradiction","id":2079}
{"label":"entailment","id":2080}
{"label":"entailment","id":2081}
{"label":"neutral","id":2082}
{"label":"contradiction","id":2083}
{"label":"contradiction","id":2084}
{"label":"neutral","id":2085}
{"label":"contradiction","id":2086}
{"label":"neutral","id":2087}
{"label":"neutral","id":2088}
{"label":"neutral","id":2089}
{"label":"entailment","id":2090}
{"label":"neutral","id":2091}
{"label":"neutral","id":2092}
{"label":"contradiction","id":2093}
{"label":"neutral","id":2094}
{"label":"contradiction","id":2095}
{"label":"contradiction","id":2096}
{"label":"entailment","id":2097}
{"label":"contradiction","id":2098}
{"label":"contradiction","id":2099}
{"label":"entailment","id":2100}
{"label":"contradiction","id":2101}
{"label":"neutral","id":2102}
{"label":"entailment","id":2103}
{"label":"neutral","id":2104}
{"label":"neutral","id":2105}
{"label":"entailment","id":2106}
{"label":"contradiction","id":2107}
{"label":"contradiction","id":2108}
{"label":"entailment","id":2109}
{"label":"entailment","id":2110}
{"label":"contradiction","id":2111}
{"label":"neutral","id":2112}
{"label":"entailment","id":2113}
{"label":"contradiction","id":2114}
{"label":"neutral","id":2115}
{"label":"contradiction","id":2116}
{"label":"entailment","id":2117}
{"label":"neutral","id":2118}
{"label":"contradiction","id":2119}
{"label":"neutral","id":2120}
{"label":"neutral","id":2121}
{"label":"contradiction","id":2122}
{"label":"entailment","id":2123}
{"label":"neutral","id":2124}
{"label":"entailment","id":2125}
{"label":"entailment","id":2126}
{"label":"contradiction","id":2127}
{"label":"contradiction","id":2128}
{"label":"entailment","id":2129}
{"label":"neutral","id":2130}
{"label":"neutral","id":2131}
{"label":"contradiction","id":2132}
{"label":"contradiction","id":2133}
{"label":"neutral","id":2134}
{"label":"contradiction","id":2135}
{"label":"contradiction","id":2136}
{"label":"neutral","id":2137}
{"label":"entailment","id":2138}
{"label":"contradiction","id":2139}
{"label":"contradiction","id":2140}
{"label":"neutral","id":2141}
{"label":"contradiction","id":2142}
{"label":"neutral","id":2143}
{"label":"contradiction","id":2144}
{"label":"entailment","id":2145}
{"label":"contradiction","id":2146}
{"label":"neutral","id":2147}
{"label":"neutral","id":2148}
{"label":"entailment","id":2149}
{"label":"neutral","id":2150}
{"label":"neutral","id":2151}
{"label":"entailment","id":2152}
{"label":"entailment","id":2153}
{"label":"contradiction","id":2154}
{"label":"contradiction","id":2155}
{"label":"entailment","id":2156}
{"label":"contradiction","id":2157}
{"label":"contradiction","id":2158}
{"label":"entailment","id":2159}
{"label":"entailment","id":2160}
{"label":"neutral","id":2161}
{"label":"contradiction","id":2162}
{"label":"entailment","id":2163}
{"label":"entailment","id":2164}
{"label":"contradiction","id":2165}
{"label":"entailment","id":2166}
{"label":"neutral","id":2167}
{"label":"neutral","id":2168}
{"label":"entailment","id":2169}
{"label":"contradiction","id":2170}
{"label":"contradiction","id":2171}
{"label":"neutral","id":2172}
{"label":"contradiction","id":2173}
{"label":"neutral","id":2174}
{"label":"contradiction","id":2175}
{"label":"contradiction","id":2176}
{"label":"contradiction","id":2177}
{"label":"neutral","id":2178}
{"label":"neutral","id":2179}
{"label":"neutral","id":2180}
{"label":"entailment","id":2181}
{"label":"neutral","id":2182}
{"label":"neutral","id":2183}
{"label":"neutral","id":2184}
{"label":"neutral","id":2185}
{"label":"neutral","id":2186}
{"label":"contradiction","id":2187}
{"label":"neutral","id":2188}
{"label":"entailment","id":2189}
{"label":"neutral","id":2190}
{"label":"neutral","id":2191}
{"label":"neutral","id":2192}
{"label":"neutral","id":2193}
{"label":"entailment","id":2194}
{"label":"contradiction","id":2195}
{"label":"entailment","id":2196}
{"label":"entailment","id":2197}
{"label":"neutral","id":2198}
{"label":"entailment","id":2199}
{"label":"contradiction","id":2200}
{"label":"neutral","id":2201}
{"label":"entailment","id":2202}
{"label":"entailment","id":2203}
{"label":"neutral","id":2204}
{"label":"neutral","id":2205}
{"label":"entailment","id":2206}
{"label":"contradiction","id":2207}
{"label":"entailment","id":2208}
{"label":"contradiction","id":2209}
{"label":"contradiction","id":2210}
{"label":"neutral","id":2211}
{"label":"neutral","id":2212}
{"label":"contradiction","id":2213}
{"label":"neutral","id":2214}
{"label":"neutral","id":2215}
{"label":"contradiction","id":2216}
{"label":"neutral","id":2217}
{"label":"contradiction","id":2218}
{"label":"entailment","id":2219}
{"label":"contradiction","id":2220}
{"label":"neutral","id":2221}
{"label":"contradiction","id":2222}
{"label":"entailment","id":2223}
{"label":"neutral","id":2224}
{"label":"neutral","id":2225}
{"label":"entailment","id":2226}
{"label":"contradiction","id":2227}
{"label":"neutral","id":2228}
{"label":"contradiction","id":2229}
{"label":"entailment","id":2230}
{"label":"neutral","id":2231}
{"label":"neutral","id":2232}
{"label":"contradiction","id":2233}
{"label":"neutral","id":2234}
{"label":"entailment","id":2235}
{"label":"contradiction","id":2236}
{"label":"neutral","id":2237}
{"label":"neutral","id":2238}
{"label":"neutral","id":2239}
{"label":"neutral","id":2240}
{"label":"contradiction","id":2241}
{"label":"contradiction","id":2242}
{"label":"neutral","id":2243}
{"label":"neutral","id":2244}
{"label":"neutral","id":2245}
{"label":"entailment","id":2246}
{"label":"neutral","id":2247}
{"label":"entailment","id":2248}
{"label":"contradiction","id":2249}
{"label":"contradiction","id":2250}
{"label":"entailment","id":2251}
{"label":"entailment","id":2252}
{"label":"neutral","id":2253}
{"label":"neutral","id":2254}
{"label":"entailment","id":2255}
{"label":"neutral","id":2256}
{"label":"neutral","id":2257}
{"label":"neutral","id":2258}
{"label":"neutral","id":2259}
{"label":"neutral","id":2260}
{"label":"neutral","id":2261}
{"label":"neutral","id":2262}
{"label":"neutral","id":2263}
{"label":"entailment","id":2264}
{"label":"entailment","id":2265}
{"label":"neutral","id":2266}
{"label":"entailment","id":2267}
{"label":"neutral","id":2268}
{"label":"contradiction","id":2269}
{"label":"contradiction","id":2270}
{"label":"entailment","id":2271}
{"label":"entailment","id":2272}
{"label":"neutral","id":2273}
{"label":"neutral","id":2274}
{"label":"entailment","id":2275}
{"label":"entailment","id":2276}
{"label":"neutral","id":2277}
{"label":"neutral","id":2278}
{"label":"contradiction","id":2279}
{"label":"neutral","id":2280}
{"label":"neutral","id":2281}
{"label":"entailment","id":2282}
{"label":"entailment","id":2283}
{"label":"neutral","id":2284}
{"label":"neutral","id":2285}
{"label":"neutral","id":2286}
{"label":"entailment","id":2287}
{"label":"neutral","id":2288}
{"label":"contradiction","id":2289}
{"label":"entailment","id":2290}
{"label":"neutral","id":2291}
{"label":"entailment","id":2292}
{"label":"contradiction","id":2293}
{"label":"neutral","id":2294}
{"label":"neutral","id":2295}
{"label":"contradiction","id":2296}
{"label":"contradiction","id":2297}
{"label":"contradiction","id":2298}
{"label":"contradiction","id":2299}
{"label":"entailment","id":2300}
{"label":"entailment","id":2301}
{"label":"entailment","id":2302}
{"label":"contradiction","id":2303}
{"label":"entailment","id":2304}
{"label":"neutral","id":2305}
{"label":"neutral","id":2306}
{"label":"neutral","id":2307}
{"label":"neutral","id":2308}
{"label":"neutral","id":2309}
{"label":"entailment","id":2310}
{"label":"contradiction","id":2311}
{"label":"contradiction","id":2312}
{"label":"contradiction","id":2313}
{"label":"contradiction","id":2314}
{"label":"entailment","id":2315}
{"label":"contradiction","id":2316}
{"label":"neutral","id":2317}
{"label":"neutral","id":2318}
{"label":"neutral","id":2319}
{"label":"contradiction","id":2320}
{"label":"neutral","id":2321}
{"label":"neutral","id":2322}
{"label":"neutral","id":2323}
{"label":"neutral","id":2324}
{"label":"neutral","id":2325}
{"label":"neutral","id":2326}
{"label":"neutral","id":2327}
{"label":"entailment","id":2328}
{"label":"contradiction","id":2329}
{"label":"entailment","id":2330}
{"label":"entailment","id":2331}
{"label":"neutral","id":2332}
{"label":"neutral","id":2333}
{"label":"entailment","id":2334}
{"label":"neutral","id":2335}
{"label":"neutral","id":2336}
{"label":"entailment","id":2337}
{"label":"neutral","id":2338}
{"label":"neutral","id":2339}
{"label":"entailment","id":2340}
{"label":"contradiction","id":2341}
{"label":"contradiction","id":2342}
{"label":"entailment","id":2343}
{"label":"contradiction","id":2344}
{"label":"neutral","id":2345}
{"label":"contradiction","id":2346}
{"label":"contradiction","id":2347}
{"label":"entailment","id":2348}
{"label":"entailment","id":2349}
{"label":"neutral","id":2350}
{"label":"neutral","id":2351}
{"label":"neutral","id":2352}
{"label":"entailment","id":2353}
{"label":"neutral","id":2354}
{"label":"neutral","id":2355}
{"label":"entailment","id":2356}
{"label":"neutral","id":2357}
{"label":"neutral","id":2358}
{"label":"contradiction","id":2359}
{"label":"entailment","id":2360}
{"label":"entailment","id":2361}
{"label":"neutral","id":2362}
{"label":"contradiction","id":2363}
{"label":"entailment","id":2364}
{"label":"entailment","id":2365}
{"label":"entailment","id":2366}
{"label":"entailment","id":2367}
{"label":"contradiction","id":2368}
{"label":"contradiction","id":2369}
{"label":"entailment","id":2370}
{"label":"neutral","id":2371}
{"label":"entailment","id":2372}
{"label":"contradiction","id":2373}
{"label":"neutral","id":2374}
{"label":"contradiction","id":2375}
{"label":"entailment","id":2376}
{"label":"contradiction","id":2377}
{"label":"entailment","id":2378}
{"label":"neutral","id":2379}
{"label":"entailment","id":2380}
{"label":"neutral","id":2381}
{"label":"contradiction","id":2382}
{"label":"neutral","id":2383}
{"label":"entailment","id":2384}
{"label":"entailment","id":2385}
{"label":"contradiction","id":2386}
{"label":"neutral","id":2387}
{"label":"neutral","id":2388}
{"label":"neutral","id":2389}
{"label":"neutral","id":2390}
{"label":"neutral","id":2391}
{"label":"neutral","id":2392}
{"label":"contradiction","id":2393}
{"label":"neutral","id":2394}
{"label":"neutral","id":2395}
{"label":"neutral","id":2396}
{"label":"contradiction","id":2397}
{"label":"contradiction","id":2398}
{"label":"contradiction","id":2399}
{"label":"entailment","id":2400}
{"label":"entailment","id":2401}
{"label":"entailment","id":2402}
{"label":"neutral","id":2403}
{"label":"neutral","id":2404}
{"label":"contradiction","id":2405}
{"label":"entailment","id":2406}
{"label":"entailment","id":2407}
{"label":"neutral","id":2408}
{"label":"neutral","id":2409}
{"label":"contradiction","id":2410}
{"label":"neutral","id":2411}
{"label":"contradiction","id":2412}
{"label":"neutral","id":2413}
{"label":"neutral","id":2414}
{"label":"entailment","id":2415}
{"label":"neutral","id":2416}
{"label":"contradiction","id":2417}
{"label":"contradiction","id":2418}
{"label":"neutral","id":2419}
{"label":"entailment","id":2420}
{"label":"contradiction","id":2421}
{"label":"neutral","id":2422}
{"label":"contradiction","id":2423}
{"label":"neutral","id":2424}
{"label":"neutral","id":2425}
{"label":"neutral","id":2426}
{"label":"neutral","id":2427}
{"label":"entailment","id":2428}
{"label":"entailment","id":2429}
{"label":"contradiction","id":2430}
{"label":"entailment","id":2431}
{"label":"entailment","id":2432}
{"label":"entailment","id":2433}
{"label":"neutral","id":2434}
{"label":"contradiction","id":2435}
{"label":"entailment","id":2436}
{"label":"contradiction","id":2437}
{"label":"contradiction","id":2438}
{"label":"entailment","id":2439}
{"label":"contradiction","id":2440}
{"label":"entailment","id":2441}
{"label":"entailment","id":2442}
{"label":"contradiction","id":2443}
{"label":"entailment","id":2444}
{"label":"entailment","id":2445}
{"label":"neutral","id":2446}
{"label":"entailment","id":2447}
{"label":"contradiction","id":2448}
{"label":"contradiction","id":2449}
{"label":"contradiction","id":2450}
{"label":"entailment","id":2451}
{"label":"neutral","id":2452}
{"label":"entailment","id":2453}
{"label":"entailment","id":2454}
{"label":"neutral","id":2455}
{"label":"contradiction","id":2456}
{"label":"contradiction","id":2457}
{"label":"neutral","id":2458}
{"label":"neutral","id":2459}
{"label":"neutral","id":2460}
{"label":"neutral","id":2461}
{"label":"contradiction","id":2462}
{"label":"contradiction","id":2463}
{"label":"neutral","id":2464}
{"label":"contradiction","id":2465}
{"label":"contradiction","id":2466}
{"label":"contradiction","id":2467}
{"label":"contradiction","id":2468}
{"label":"entailment","id":2469}
{"label":"neutral","id":2470}
{"label":"entailment","id":2471}
{"label":"neutral","id":2472}
{"label":"neutral","id":2473}
{"label":"entailment","id":2474}
{"label":"entailment","id":2475}
{"label":"neutral","id":2476}
{"label":"neutral","id":2477}
{"label":"contradiction","id":2478}
{"label":"entailment","id":2479}
{"label":"contradiction","id":2480}
{"label":"entailment","id":2481}
{"label":"contradiction","id":2482}
{"label":"neutral","id":2483}
{"label":"neutral","id":2484}
{"label":"contradiction","id":2485}
{"label":"neutral","id":2486}
{"label":"neutral","id":2487}
{"label":"contradiction","id":2488}
{"label":"neutral","id":2489}
{"label":"contradiction","id":2490}
{"label":"contradiction","id":2491}
{"label":"entailment","id":2492}
{"label":"contradiction","id":2493}
{"label":"contradiction","id":2494}
{"label":"neutral","id":2495}
{"label":"entailment","id":2496}
{"label":"neutral","id":2497}
{"label":"contradiction","id":2498}
{"label":"neutral","id":2499}
{"label":"contradiction","id":2500}
{"label":"contradiction","id":2501}
{"label":"entailment","id":2502}
{"label":"contradiction","id":2503}
{"label":"neutral","id":2504}
{"label":"entailment","id":2505}
{"label":"neutral","id":2506}
{"label":"contradiction","id":2507}
{"label":"neutral","id":2508}
{"label":"contradiction","id":2509}
{"label":"contradiction","id":2510}
{"label":"contradiction","id":2511}
{"label":"entailment","id":2512}
{"label":"neutral","id":2513}
{"label":"neutral","id":2514}
{"label":"neutral","id":2515}
{"label":"neutral","id":2516}
{"label":"neutral","id":2517}
{"label":"contradiction","id":2518}
{"label":"contradiction","id":2519}
{"label":"neutral","id":2520}
{"label":"neutral","id":2521}
{"label":"neutral","id":2522}
{"label":"entailment","id":2523}
{"label":"contradiction","id":2524}
{"label":"contradiction","id":2525}
{"label":"neutral","id":2526}
{"label":"contradiction","id":2527}
{"label":"contradiction","id":2528}
{"label":"neutral","id":2529}
{"label":"contradiction","id":2530}
{"label":"neutral","id":2531}
{"label":"neutral","id":2532}
{"label":"contradiction","id":2533}
{"label":"neutral","id":2534}
{"label":"entailment","id":2535}
{"label":"contradiction","id":2536}
{"label":"neutral","id":2537}
{"label":"entailment","id":2538}
{"label":"contradiction","id":2539}
{"label":"contradiction","id":2540}
{"label":"entailment","id":2541}
{"label":"neutral","id":2542}
{"label":"contradiction","id":2543}
{"label":"neutral","id":2544}
{"label":"entailment","id":2545}
{"label":"contradiction","id":2546}
{"label":"entailment","id":2547}
{"label":"neutral","id":2548}
{"label":"entailment","id":2549}
{"label":"neutral","id":2550}
{"label":"entailment","id":2551}
{"label":"contradiction","id":2552}
{"label":"neutral","id":2553}
{"label":"entailment","id":2554}
{"label":"contradiction","id":2555}
{"label":"neutral","id":2556}
{"label":"neutral","id":2557}
{"label":"contradiction","id":2558}
{"label":"contradiction","id":2559}
{"label":"entailment","id":2560}
{"label":"contradiction","id":2561}
{"label":"contradiction","id":2562}
{"label":"contradiction","id":2563}
{"label":"entailment","id":2564}
{"label":"contradiction","id":2565}
{"label":"neutral","id":2566}
{"label":"neutral","id":2567}
{"label":"contradiction","id":2568}
{"label":"neutral","id":2569}
{"label":"neutral","id":2570}
{"label":"entailment","id":2571}
{"label":"neutral","id":2572}
{"label":"contradiction","id":2573}
{"label":"neutral","id":2574}
{"label":"entailment","id":2575}
{"label":"entailment","id":2576}
{"label":"entailment","id":2577}
{"label":"entailment","id":2578}
{"label":"neutral","id":2579}
{"label":"neutral","id":2580}
{"label":"contradiction","id":2581}
{"label":"contradiction","id":2582}
{"label":"contradiction","id":2583}
{"label":"entailment","id":2584}
{"label":"entailment","id":2585}
{"label":"entailment","id":2586}
{"label":"contradiction","id":2587}
{"label":"contradiction","id":2588}
{"label":"entailment","id":2589}
{"label":"neutral","id":2590}
{"label":"contradiction","id":2591}
{"label":"neutral","id":2592}
{"label":"contradiction","id":2593}
{"label":"contradiction","id":2594}
{"label":"contradiction","id":2595}
{"label":"neutral","id":2596}
{"label":"neutral","id":2597}
{"label":"contradiction","id":2598}
{"label":"neutral","id":2599}
{"label":"neutral","id":2600}
{"label":"entailment","id":2601}
{"label":"neutral","id":2602}
{"label":"neutral","id":2603}
{"label":"entailment","id":2604}
{"label":"neutral","id":2605}
{"label":"neutral","id":2606}
{"label":"entailment","id":2607}
{"label":"contradiction","id":2608}
{"label":"contradiction","id":2609}
{"label":"neutral","id":2610}
{"label":"neutral","id":2611}
{"label":"contradiction","id":2612}
{"label":"contradiction","id":2613}
{"label":"contradiction","id":2614}
{"label":"neutral","id":2615}
{"label":"entailment","id":2616}
{"label":"neutral","id":2617}
{"label":"contradiction","id":2618}
{"label":"neutral","id":2619}
{"label":"contradiction","id":2620}
{"label":"neutral","id":2621}
{"label":"neutral","id":2622}
{"label":"contradiction","id":2623}
{"label":"neutral","id":2624}
{"label":"neutral","id":2625}
{"label":"contradiction","id":2626}
{"label":"entailment","id":2627}
{"label":"neutral","id":2628}
{"label":"entailment","id":2629}
{"label":"entailment","id":2630}
{"label":"contradiction","id":2631}
{"label":"neutral","id":2632}
{"label":"neutral","id":2633}
{"label":"neutral","id":2634}
{"label":"neutral","id":2635}
{"label":"neutral","id":2636}
{"label":"neutral","id":2637}
{"label":"contradiction","id":2638}
{"label":"neutral","id":2639}
{"label":"neutral","id":2640}
{"label":"entailment","id":2641}
{"label":"neutral","id":2642}
{"label":"contradiction","id":2643}
{"label":"contradiction","id":2644}
{"label":"entailment","id":2645}
{"label":"contradiction","id":2646}
{"label":"entailment","id":2647}
{"label":"entailment","id":2648}
{"label":"contradiction","id":2649}
{"label":"neutral","id":2650}
{"label":"neutral","id":2651}
{"label":"neutral","id":2652}
{"label":"entailment","id":2653}
{"label":"contradiction","id":2654}
{"label":"contradiction","id":2655}
{"label":"contradiction","id":2656}
{"label":"entailment","id":2657}
{"label":"neutral","id":2658}
{"label":"neutral","id":2659}
{"label":"neutral","id":2660}
{"label":"neutral","id":2661}
{"label":"contradiction","id":2662}
{"label":"contradiction","id":2663}
{"label":"contradiction","id":2664}
{"label":"neutral","id":2665}
{"label":"neutral","id":2666}
{"label":"neutral","id":2667}
{"label":"contradiction","id":2668}
{"label":"neutral","id":2669}
{"label":"entailment","id":2670}
{"label":"neutral","id":2671}
{"label":"neutral","id":2672}
{"label":"neutral","id":2673}
{"label":"contradiction","id":2674}
{"label":"contradiction","id":2675}
{"label":"entailment","id":2676}
{"label":"neutral","id":2677}
{"label":"entailment","id":2678}
{"label":"contradiction","id":2679}
{"label":"entailment","id":2680}
{"label":"contradiction","id":2681}
{"label":"neutral","id":2682}
{"label":"neutral","id":2683}
{"label":"entailment","id":2684}
{"label":"neutral","id":2685}
{"label":"contradiction","id":2686}
{"label":"contradiction","id":2687}
{"label":"contradiction","id":2688}
{"label":"contradiction","id":2689}
{"label":"neutral","id":2690}
{"label":"entailment","id":2691}
{"label":"entailment","id":2692}
{"label":"neutral","id":2693}
{"label":"entailment","id":2694}
{"label":"neutral","id":2695}
{"label":"contradiction","id":2696}
{"label":"entailment","id":2697}
{"label":"neutral","id":2698}
{"label":"contradiction","id":2699}
{"label":"contradiction","id":2700}
{"label":"neutral","id":2701}
{"label":"neutral","id":2702}
{"label":"neutral","id":2703}
{"label":"contradiction","id":2704}
{"label":"neutral","id":2705}
{"label":"neutral","id":2706}
{"label":"neutral","id":2707}
{"label":"contradiction","id":2708}
{"label":"neutral","id":2709}
{"label":"entailment","id":2710}
{"label":"neutral","id":2711}
{"label":"entailment","id":2712}
{"label":"neutral","id":2713}
{"label":"neutral","id":2714}
{"label":"entailment","id":2715}
{"label":"contradiction","id":2716}
{"label":"contradiction","id":2717}
{"label":"neutral","id":2718}
{"label":"contradiction","id":2719}
{"label":"entailment","id":2720}
{"label":"neutral","id":2721}
{"label":"neutral","id":2722}
{"label":"contradiction","id":2723}
{"label":"entailment","id":2724}
{"label":"entailment","id":2725}
{"label":"contradiction","id":2726}
{"label":"contradiction","id":2727}
{"label":"contradiction","id":2728}
{"label":"contradiction","id":2729}
{"label":"contradiction","id":2730}
{"label":"entailment","id":2731}
{"label":"contradiction","id":2732}
{"label":"neutral","id":2733}
{"label":"neutral","id":2734}
{"label":"contradiction","id":2735}
{"label":"entailment","id":2736}
{"label":"contradiction","id":2737}
{"label":"entailment","id":2738}
{"label":"neutral","id":2739}
{"label":"neutral","id":2740}
{"label":"contradiction","id":2741}
{"label":"contradiction","id":2742}
{"label":"neutral","id":2743}
{"label":"contradiction","id":2744}
{"label":"entailment","id":2745}
{"label":"entailment","id":2746}
{"label":"neutral","id":2747}
{"label":"neutral","id":2748}
{"label":"neutral","id":2749}
{"label":"contradiction","id":2750}
{"label":"neutral","id":2751}
{"label":"contradiction","id":2752}
{"label":"neutral","id":2753}
{"label":"contradiction","id":2754}
{"label":"neutral","id":2755}
{"label":"neutral","id":2756}
{"label":"contradiction","id":2757}
{"label":"contradiction","id":2758}
{"label":"entailment","id":2759}
{"label":"contradiction","id":2760}
{"label":"neutral","id":2761}
{"label":"entailment","id":2762}
{"label":"neutral","id":2763}
{"label":"entailment","id":2764}
{"label":"contradiction","id":2765}
{"label":"neutral","id":2766}
{"label":"neutral","id":2767}
{"label":"neutral","id":2768}
{"label":"neutral","id":2769}
{"label":"entailment","id":2770}
{"label":"neutral","id":2771}
{"label":"neutral","id":2772}
{"label":"neutral","id":2773}
{"label":"contradiction","id":2774}
{"label":"entailment","id":2775}
{"label":"neutral","id":2776}
{"label":"neutral","id":2777}
{"label":"contradiction","id":2778}
{"label":"neutral","id":2779}
{"label":"neutral","id":2780}
{"label":"entailment","id":2781}
{"label":"entailment","id":2782}
{"label":"entailment","id":2783}
{"label":"contradiction","id":2784}
{"label":"neutral","id":2785}
{"label":"neutral","id":2786}
{"label":"contradiction","id":2787}
{"label":"contradiction","id":2788}
{"label":"contradiction","id":2789}
{"label":"neutral","id":2790}
{"label":"entailment","id":2791}
{"label":"contradiction","id":2792}
{"label":"neutral","id":2793}
{"label":"neutral","id":2794}
{"label":"neutral","id":2795}
{"label":"neutral","id":2796}
{"label":"neutral","id":2797}
{"label":"neutral","id":2798}
{"label":"entailment","id":2799}
{"label":"contradiction","id":2800}
{"label":"contradiction","id":2801}
{"label":"neutral","id":2802}
{"label":"contradiction","id":2803}
{"label":"contradiction","id":2804}
{"label":"neutral","id":2805}
{"label":"contradiction","id":2806}
{"label":"neutral","id":2807}
{"label":"neutral","id":2808}
{"label":"neutral","id":2809}
{"label":"neutral","id":2810}
{"label":"neutral","id":2811}
{"label":"entailment","id":2812}
{"label":"entailment","id":2813}
{"label":"neutral","id":2814}
{"label":"neutral","id":2815}
{"label":"contradiction","id":2816}
{"label":"contradiction","id":2817}
{"label":"contradiction","id":2818}
{"label":"contradiction","id":2819}
{"label":"neutral","id":2820}
{"label":"neutral","id":2821}
{"label":"contradiction","id":2822}
{"label":"neutral","id":2823}
{"label":"neutral","id":2824}
{"label":"neutral","id":2825}
{"label":"entailment","id":2826}
{"label":"entailment","id":2827}
{"label":"contradiction","id":2828}
{"label":"neutral","id":2829}
{"label":"entailment","id":2830}
{"label":"neutral","id":2831}
{"label":"neutral","id":2832}
{"label":"neutral","id":2833}
{"label":"contradiction","id":2834}
{"label":"entailment","id":2835}
{"label":"neutral","id":2836}
{"label":"neutral","id":2837}
{"label":"neutral","id":2838}
{"label":"neutral","id":2839}
{"label":"entailment","id":2840}
{"label":"contradiction","id":2841}
{"label":"contradiction","id":2842}
{"label":"neutral","id":2843}
{"label":"neutral","id":2844}
{"label":"contradiction","id":2845}
{"label":"neutral","id":2846}
{"label":"contradiction","id":2847}
{"label":"neutral","id":2848}
{"label":"contradiction","id":2849}
{"label":"entailment","id":2850}
{"label":"entailment","id":2851}
{"label":"neutral","id":2852}
{"label":"contradiction","id":2853}
{"label":"entailment","id":2854}
{"label":"entailment","id":2855}
{"label":"contradiction","id":2856}
{"label":"contradiction","id":2857}
{"label":"entailment","id":2858}
{"label":"contradiction","id":2859}
{"label":"contradiction","id":2860}
{"label":"contradiction","id":2861}
{"label":"neutral","id":2862}
{"label":"neutral","id":2863}
{"label":"contradiction","id":2864}
{"label":"entailment","id":2865}
{"label":"neutral","id":2866}
{"label":"neutral","id":2867}
{"label":"contradiction","id":2868}
{"label":"neutral","id":2869}
{"label":"contradiction","id":2870}
{"label":"neutral","id":2871}
{"label":"contradiction","id":2872}
{"label":"contradiction","id":2873}
{"label":"contradiction","id":2874}
{"label":"neutral","id":2875}
{"label":"contradiction","id":2876}
{"label":"neutral","id":2877}
{"label":"entailment","id":2878}
{"label":"entailment","id":2879}
{"label":"neutral","id":2880}
{"label":"contradiction","id":2881}
{"label":"neutral","id":2882}
{"label":"neutral","id":2883}
{"label":"neutral","id":2884}
{"label":"contradiction","id":2885}
{"label":"neutral","id":2886}
{"label":"neutral","id":2887}
{"label":"contradiction","id":2888}
{"label":"neutral","id":2889}
{"label":"entailment","id":2890}
{"label":"neutral","id":2891}
{"label":"neutral","id":2892}
{"label":"entailment","id":2893}
{"label":"neutral","id":2894}
{"label":"contradiction","id":2895}
{"label":"contradiction","id":2896}
{"label":"neutral","id":2897}
{"label":"neutral","id":2898}
{"label":"neutral","id":2899}
{"label":"neutral","id":2900}
{"label":"entailment","id":2901}
{"label":"neutral","id":2902}
{"label":"contradiction","id":2903}
{"label":"neutral","id":2904}
{"label":"entailment","id":2905}
{"label":"neutral","id":2906}
{"label":"neutral","id":2907}
{"label":"contradiction","id":2908}
{"label":"contradiction","id":2909}
{"label":"neutral","id":2910}
{"label":"neutral","id":2911}
{"label":"contradiction","id":2912}
{"label":"entailment","id":2913}
{"label":"entailment","id":2914}
{"label":"neutral","id":2915}
{"label":"contradiction","id":2916}
{"label":"neutral","id":2917}
{"label":"neutral","id":2918}
{"label":"neutral","id":2919}
{"label":"neutral","id":2920}
{"label":"entailment","id":2921}
{"label":"entailment","id":2922}
{"label":"contradiction","id":2923}
{"label":"contradiction","id":2924}
{"label":"contradiction","id":2925}
{"label":"contradiction","id":2926}
{"label":"neutral","id":2927}
{"label":"neutral","id":2928}
{"label":"neutral","id":2929}
{"label":"neutral","id":2930}
{"label":"neutral","id":2931}
{"label":"neutral","id":2932}
{"label":"entailment","id":2933}
{"label":"contradiction","id":2934}
{"label":"neutral","id":2935}
{"label":"neutral","id":2936}
{"label":"contradiction","id":2937}
{"label":"contradiction","id":2938}
{"label":"neutral","id":2939}
{"label":"neutral","id":2940}
{"label":"neutral","id":2941}
{"label":"entailment","id":2942}
{"label":"contradiction","id":2943}
{"label":"contradiction","id":2944}
{"label":"contradiction","id":2945}
{"label":"neutral","id":2946}
{"label":"neutral","id":2947}
{"label":"neutral","id":2948}
{"label":"contradiction","id":2949}
{"label":"contradiction","id":2950}
{"label":"neutral","id":2951}
{"label":"entailment","id":2952}
{"label":"neutral","id":2953}
{"label":"contradiction","id":2954}
{"label":"entailment","id":2955}
{"label":"neutral","id":2956}
{"label":"contradiction","id":2957}
{"label":"neutral","id":2958}
{"label":"contradiction","id":2959}
{"label":"contradiction","id":2960}
{"label":"neutral","id":2961}
{"label":"contradiction","id":2962}
{"label":"neutral","id":2963}
{"label":"entailment","id":2964}
{"label":"entailment","id":2965}
{"label":"contradiction","id":2966}
{"label":"contradiction","id":2967}
{"label":"neutral","id":2968}
{"label":"entailment","id":2969}
{"label":"entailment","id":2970}
{"label":"entailment","id":2971}
{"label":"entailment","id":2972}
{"label":"neutral","id":2973}
{"label":"neutral","id":2974}
{"label":"neutral","id":2975}
{"label":"contradiction","id":2976}
{"label":"neutral","id":2977}
{"label":"neutral","id":2978}
{"label":"neutral","id":2979}
{"label":"entailment","id":2980}
{"label":"contradiction","id":2981}
{"label":"contradiction","id":2982}
{"label":"contradiction","id":2983}
{"label":"contradiction","id":2984}
{"label":"entailment","id":2985}
{"label":"neutral","id":2986}
{"label":"contradiction","id":2987}
{"label":"contradiction","id":2988}
{"label":"contradiction","id":2989}
{"label":"contradiction","id":2990}
{"label":"contradiction","id":2991}
{"label":"entailment","id":2992}
{"label":"neutral","id":2993}
{"label":"entailment","id":2994}
{"label":"neutral","id":2995}
{"label":"neutral","id":2996}
{"label":"entailment","id":2997}
{"label":"neutral","id":2998}
{"label":"neutral","id":2999}
